split,id,x_path,y_path,x0,y0,patch_size,mask_ratio
train,patch_0,/content/drive/MyDrive/ResUnet/dataset/images/patch_0.npy,/content/drive/MyDrive/ResUnet/dataset/masks/patch_0.npy,0,0,256,0.1316680908203125
train,patch_1,/content/drive/MyDrive/ResUnet/dataset/images/patch_1.npy,/content/drive/MyDrive/ResUnet/dataset/masks/patch_1.npy,0,0,256,0.060272216796875
train,patch_2,/content/drive/MyDrive/ResUnet/dataset/images/patch_2.npy,/content/drive/MyDrive/ResUnet/dataset/masks/patch_2.npy,0,0,256,0.7145538330078125
train,patch_3,/content/drive/MyDrive/ResUnet/dataset/images/patch_3.npy,/content/drive/MyDrive/ResUnet/dataset/masks/patch_3.npy,0,0,256,0.675872802734375
train,patch_4,/content/drive/MyDrive/ResUnet/dataset/images/patch_4.npy,/content/drive/MyDrive/ResUnet/dataset/masks/patch_4.npy,0,0,256,0.53240966796875
train,patch_5,/content/drive/MyDrive/ResUnet/dataset/images/patch_5.npy,/content/drive/MyDrive/ResUnet/dataset/masks/patch_5.npy,0,0,256,0.36083984375
train,patch_8,/content/drive/MyDrive/ResUnet/dataset/images/patch_8.npy,/content/drive/MyDrive/ResUnet/dataset/masks/patch_8.npy,0,0,256,0.2347412109375
train,patch_9,/content/drive/MyDrive/ResUnet/dataset/images/patch_9.npy,/content/drive/MyDrive/ResUnet/dataset/masks/patch_9.npy,0,0,256,0.1786346435546875
train,patch_10,/content/drive/MyDrive/ResUnet/dataset/images/patch_10.npy,/content/drive/MyDrive/ResUnet/dataset/masks/patch_10.npy,0,0,256,0.21466064453125
train,patch_11,/content/drive/MyDrive/ResUnet/dataset/images/patch_11.npy,/content/drive/MyDrive/ResUnet/dataset/masks/patch_11.npy,0,0,256,0.3182220458984375
train,patch_12,/content/drive/MyDrive/ResUnet/dataset/images/patch_12.npy,/content/drive/MyDrive/ResUnet/dataset/masks/patch_12.npy,0,0,256,0.500396728515625
train,patch_13,/content/drive/MyDrive/ResUnet/dataset/images/patch_13.npy,/content/drive/MyDrive/ResUnet/dataset/masks/patch_13.npy,0,0,256,0.672210693359375
train,patch_14,/content/drive/MyDrive/ResUnet/dataset/images/patch_14.npy,/content/drive/MyDrive/ResUnet/dataset/masks/patch_14.npy,0,0,256,0.729644775390625
train,patch_15,/content/drive/MyDrive/ResUnet/dataset/images/patch_15.npy,/content/drive/MyDrive/ResUnet/dataset/masks/patch_15.npy,0,0,256,0.6536102294921875
train,patch_16,/content/drive/MyDrive/ResUnet/dataset/images/patch_16.npy,/content/drive/MyDrive/ResUnet/dataset/masks/patch_16.npy,0,0,256,0.48992919921875
train,patch_17,/content/drive/MyDrive/ResUnet/dataset/images/patch_17.npy,/content/drive/MyDrive/ResUnet/dataset/masks/patch_17.npy,0,0,256,0.2840728759765625
train,patch_18,/content/drive/MyDrive/ResUnet/dataset/images/patch_18.npy,/content/drive/MyDrive/ResUnet/dataset/masks/patch_18.npy,0,0,256,0.135009765625
train,patch_19,/content/drive/MyDrive/ResUnet/dataset/images/patch_19.npy,/content/drive/MyDrive/ResUnet/dataset/masks/patch_19.npy,0,0,256,0.052581787109375
train,patch_20,/content/drive/MyDrive/ResUnet/dataset/images/patch_20.npy,/content/drive/MyDrive/ResUnet/dataset/masks/patch_20.npy,0,0,256,0.072906494140625
train,patch_21,/content/drive/MyDrive/ResUnet/dataset/images/patch_21.npy,/content/drive/MyDrive/ResUnet/dataset/masks/patch_21.npy,0,0,256,0.072906494140625
train,patch_22,/content/drive/MyDrive/ResUnet/dataset/images/patch_22.npy,/content/drive/MyDrive/ResUnet/dataset/masks/patch_22.npy,0,0,256,0.0688934326171875
train,patch_23,/content/drive/MyDrive/ResUnet/dataset/images/patch_23.npy,/content/drive/MyDrive/ResUnet/dataset/masks/patch_23.npy,0,0,256,0.1103363037109375
train,patch_25,/content/drive/MyDrive/ResUnet/dataset/images/patch_25.npy,/content/drive/MyDrive/ResUnet/dataset/masks/patch_25.npy,0,0,256,0.27532958984375
train,patch_26,/content/drive/MyDrive/ResUnet/dataset/images/patch_26.npy,/content/drive/MyDrive/ResUnet/dataset/masks/patch_26.npy,0,0,256,0.2976531982421875
train,patch_27,/content/drive/MyDrive/ResUnet/dataset/images/patch_27.npy,/content/drive/MyDrive/ResUnet/dataset/masks/patch_27.npy,0,0,256,0.868377685546875
train,patch_28,/content/drive/MyDrive/ResUnet/dataset/images/patch_28.npy,/content/drive/MyDrive/ResUnet/dataset/masks/patch_28.npy,0,0,256,0.7189483642578125
train,patch_29,/content/drive/MyDrive/ResUnet/dataset/images/patch_29.npy,/content/drive/MyDrive/ResUnet/dataset/masks/patch_29.npy,0,0,256,0.54156494140625
train,patch_30,/content/drive/MyDrive/ResUnet/dataset/images/patch_30.npy,/content/drive/MyDrive/ResUnet/dataset/masks/patch_30.npy,0,0,256,0.36907958984375
train,patch_31,/content/drive/MyDrive/ResUnet/dataset/images/patch_31.npy,/content/drive/MyDrive/ResUnet/dataset/masks/patch_31.npy,0,0,256,0.2917633056640625
train,patch_32,/content/drive/MyDrive/ResUnet/dataset/images/patch_32.npy,/content/drive/MyDrive/ResUnet/dataset/masks/patch_32.npy,0,0,256,0.3171844482421875
train,patch_33,/content/drive/MyDrive/ResUnet/dataset/images/patch_33.npy,/content/drive/MyDrive/ResUnet/dataset/masks/patch_33.npy,0,0,256,0.459991455078125
train,patch_34,/content/drive/MyDrive/ResUnet/dataset/images/patch_34.npy,/content/drive/MyDrive/ResUnet/dataset/masks/patch_34.npy,0,0,256,0.622406005859375
train,patch_35,/content/drive/MyDrive/ResUnet/dataset/images/patch_35.npy,/content/drive/MyDrive/ResUnet/dataset/masks/patch_35.npy,0,0,256,0.7017364501953125
train,patch_36,/content/drive/MyDrive/ResUnet/dataset/images/patch_36.npy,/content/drive/MyDrive/ResUnet/dataset/masks/patch_36.npy,0,0,256,0.6623077392578125
train,patch_37,/content/drive/MyDrive/ResUnet/dataset/images/patch_37.npy,/content/drive/MyDrive/ResUnet/dataset/masks/patch_37.npy,0,0,256,0.47003173828125
train,patch_38,/content/drive/MyDrive/ResUnet/dataset/images/patch_38.npy,/content/drive/MyDrive/ResUnet/dataset/masks/patch_38.npy,0,0,256,0.260772705078125
train,patch_39,/content/drive/MyDrive/ResUnet/dataset/images/patch_39.npy,/content/drive/MyDrive/ResUnet/dataset/masks/patch_39.npy,0,0,256,0.109710693359375
train,patch_40,/content/drive/MyDrive/ResUnet/dataset/images/patch_40.npy,/content/drive/MyDrive/ResUnet/dataset/masks/patch_40.npy,0,0,256,0.124359130859375
train,patch_41,/content/drive/MyDrive/ResUnet/dataset/images/patch_41.npy,/content/drive/MyDrive/ResUnet/dataset/masks/patch_41.npy,0,0,256,0.1492767333984375
train,patch_42,/content/drive/MyDrive/ResUnet/dataset/images/patch_42.npy,/content/drive/MyDrive/ResUnet/dataset/masks/patch_42.npy,0,0,256,0.14385986328125
train,patch_43,/content/drive/MyDrive/ResUnet/dataset/images/patch_43.npy,/content/drive/MyDrive/ResUnet/dataset/masks/patch_43.npy,0,0,256,0.1200103759765625
train,patch_44,/content/drive/MyDrive/ResUnet/dataset/images/patch_44.npy,/content/drive/MyDrive/ResUnet/dataset/masks/patch_44.npy,0,0,256,0.1240234375
train,patch_45,/content/drive/MyDrive/ResUnet/dataset/images/patch_45.npy,/content/drive/MyDrive/ResUnet/dataset/masks/patch_45.npy,0,0,256,0.1670684814453125
train,patch_47,/content/drive/MyDrive/ResUnet/dataset/images/patch_47.npy,/content/drive/MyDrive/ResUnet/dataset/masks/patch_47.npy,0,0,256,0.199066162109375
train,patch_48,/content/drive/MyDrive/ResUnet/dataset/images/patch_48.npy,/content/drive/MyDrive/ResUnet/dataset/masks/patch_48.npy,0,0,256,0.2169952392578125
train,patch_50,/content/drive/MyDrive/ResUnet/dataset/images/patch_50.npy,/content/drive/MyDrive/ResUnet/dataset/masks/patch_50.npy,0,0,256,0.547119140625
train,patch_51,/content/drive/MyDrive/ResUnet/dataset/images/patch_51.npy,/content/drive/MyDrive/ResUnet/dataset/masks/patch_51.npy,0,0,256,0.7384185791015625
train,patch_52,/content/drive/MyDrive/ResUnet/dataset/images/patch_52.npy,/content/drive/MyDrive/ResUnet/dataset/masks/patch_52.npy,0,0,256,0.8261566162109375
train,patch_53,/content/drive/MyDrive/ResUnet/dataset/images/patch_53.npy,/content/drive/MyDrive/ResUnet/dataset/masks/patch_53.npy,0,0,256,0.9209747314453125
train,patch_54,/content/drive/MyDrive/ResUnet/dataset/images/patch_54.npy,/content/drive/MyDrive/ResUnet/dataset/masks/patch_54.npy,0,0,256,0.9212188720703125
train,patch_55,/content/drive/MyDrive/ResUnet/dataset/images/patch_55.npy,/content/drive/MyDrive/ResUnet/dataset/masks/patch_55.npy,0,0,256,0.8484039306640625
train,patch_56,/content/drive/MyDrive/ResUnet/dataset/images/patch_56.npy,/content/drive/MyDrive/ResUnet/dataset/masks/patch_56.npy,0,0,256,0.722930908203125
train,patch_58,/content/drive/MyDrive/ResUnet/dataset/images/patch_58.npy,/content/drive/MyDrive/ResUnet/dataset/masks/patch_58.npy,0,0,256,0.4803924560546875
train,patch_59,/content/drive/MyDrive/ResUnet/dataset/images/patch_59.npy,/content/drive/MyDrive/ResUnet/dataset/masks/patch_59.npy,0,0,256,0.4787139892578125
train,patch_60,/content/drive/MyDrive/ResUnet/dataset/images/patch_60.npy,/content/drive/MyDrive/ResUnet/dataset/masks/patch_60.npy,0,0,256,0.537506103515625
train,patch_61,/content/drive/MyDrive/ResUnet/dataset/images/patch_61.npy,/content/drive/MyDrive/ResUnet/dataset/masks/patch_61.npy,0,0,256,0.588714599609375
train,patch_62,/content/drive/MyDrive/ResUnet/dataset/images/patch_62.npy,/content/drive/MyDrive/ResUnet/dataset/masks/patch_62.npy,0,0,256,0.5667724609375
train,patch_63,/content/drive/MyDrive/ResUnet/dataset/images/patch_63.npy,/content/drive/MyDrive/ResUnet/dataset/masks/patch_63.npy,0,0,256,0.443115234375
train,patch_64,/content/drive/MyDrive/ResUnet/dataset/images/patch_64.npy,/content/drive/MyDrive/ResUnet/dataset/masks/patch_64.npy,0,0,256,0.2638702392578125
train,patch_65,/content/drive/MyDrive/ResUnet/dataset/images/patch_65.npy,/content/drive/MyDrive/ResUnet/dataset/masks/patch_65.npy,0,0,256,0.1312713623046875
train,patch_66,/content/drive/MyDrive/ResUnet/dataset/images/patch_66.npy,/content/drive/MyDrive/ResUnet/dataset/masks/patch_66.npy,0,0,256,0.065765380859375
train,patch_67,/content/drive/MyDrive/ResUnet/dataset/images/patch_67.npy,/content/drive/MyDrive/ResUnet/dataset/masks/patch_67.npy,0,0,256,0.189117431640625
train,patch_68,/content/drive/MyDrive/ResUnet/dataset/images/patch_68.npy,/content/drive/MyDrive/ResUnet/dataset/masks/patch_68.npy,0,0,256,0.24957275390625
train,patch_69,/content/drive/MyDrive/ResUnet/dataset/images/patch_69.npy,/content/drive/MyDrive/ResUnet/dataset/masks/patch_69.npy,0,0,256,0.25372314453125
train,patch_70,/content/drive/MyDrive/ResUnet/dataset/images/patch_70.npy,/content/drive/MyDrive/ResUnet/dataset/masks/patch_70.npy,0,0,256,0.215362548828125
train,patch_71,/content/drive/MyDrive/ResUnet/dataset/images/patch_71.npy,/content/drive/MyDrive/ResUnet/dataset/masks/patch_71.npy,0,0,256,0.0700225830078125
train,patch_73,/content/drive/MyDrive/ResUnet/dataset/images/patch_73.npy,/content/drive/MyDrive/ResUnet/dataset/masks/patch_73.npy,0,0,256,0.0741729736328125
train,patch_74,/content/drive/MyDrive/ResUnet/dataset/images/patch_74.npy,/content/drive/MyDrive/ResUnet/dataset/masks/patch_74.npy,0,0,256,0.1020660400390625
train,patch_75,/content/drive/MyDrive/ResUnet/dataset/images/patch_75.npy,/content/drive/MyDrive/ResUnet/dataset/masks/patch_75.npy,0,0,256,0.116790771484375
train,patch_76,/content/drive/MyDrive/ResUnet/dataset/images/patch_76.npy,/content/drive/MyDrive/ResUnet/dataset/masks/patch_76.npy,0,0,256,0.191680908203125
train,patch_78,/content/drive/MyDrive/ResUnet/dataset/images/patch_78.npy,/content/drive/MyDrive/ResUnet/dataset/masks/patch_78.npy,0,0,256,0.5439453125
train,patch_79,/content/drive/MyDrive/ResUnet/dataset/images/patch_79.npy,/content/drive/MyDrive/ResUnet/dataset/masks/patch_79.npy,0,0,256,0.7589111328125
train,patch_80,/content/drive/MyDrive/ResUnet/dataset/images/patch_80.npy,/content/drive/MyDrive/ResUnet/dataset/masks/patch_80.npy,0,0,256,0.9082794189453125
train,patch_81,/content/drive/MyDrive/ResUnet/dataset/images/patch_81.npy,/content/drive/MyDrive/ResUnet/dataset/masks/patch_81.npy,0,0,256,0.444091796875
train,patch_82,/content/drive/MyDrive/ResUnet/dataset/images/patch_82.npy,/content/drive/MyDrive/ResUnet/dataset/masks/patch_82.npy,0,0,256,0.499786376953125
train,patch_83,/content/drive/MyDrive/ResUnet/dataset/images/patch_83.npy,/content/drive/MyDrive/ResUnet/dataset/masks/patch_83.npy,0,0,256,0.6219635009765625
train,patch_84,/content/drive/MyDrive/ResUnet/dataset/images/patch_84.npy,/content/drive/MyDrive/ResUnet/dataset/masks/patch_84.npy,0,0,256,0.7449493408203125
train,patch_85,/content/drive/MyDrive/ResUnet/dataset/images/patch_85.npy,/content/drive/MyDrive/ResUnet/dataset/masks/patch_85.npy,0,0,256,0.8297576904296875
train,patch_86,/content/drive/MyDrive/ResUnet/dataset/images/patch_86.npy,/content/drive/MyDrive/ResUnet/dataset/masks/patch_86.npy,0,0,256,0.8493804931640625
train,patch_88,/content/drive/MyDrive/ResUnet/dataset/images/patch_88.npy,/content/drive/MyDrive/ResUnet/dataset/masks/patch_88.npy,0,0,256,0.742401123046875
train,patch_90,/content/drive/MyDrive/ResUnet/dataset/images/patch_90.npy,/content/drive/MyDrive/ResUnet/dataset/masks/patch_90.npy,0,0,256,0.567413330078125
train,patch_92,/content/drive/MyDrive/ResUnet/dataset/images/patch_92.npy,/content/drive/MyDrive/ResUnet/dataset/masks/patch_92.npy,0,0,256,0.470367431640625
train,patch_94,/content/drive/MyDrive/ResUnet/dataset/images/patch_94.npy,/content/drive/MyDrive/ResUnet/dataset/masks/patch_94.npy,0,0,256,0.2357330322265625
train,patch_95,/content/drive/MyDrive/ResUnet/dataset/images/patch_95.npy,/content/drive/MyDrive/ResUnet/dataset/masks/patch_95.npy,0,0,256,0.1126556396484375
train,patch_96,/content/drive/MyDrive/ResUnet/dataset/images/patch_96.npy,/content/drive/MyDrive/ResUnet/dataset/masks/patch_96.npy,0,0,256,0.0917205810546875
train,patch_97,/content/drive/MyDrive/ResUnet/dataset/images/patch_97.npy,/content/drive/MyDrive/ResUnet/dataset/masks/patch_97.npy,0,0,256,0.0955963134765625
train,patch_98,/content/drive/MyDrive/ResUnet/dataset/images/patch_98.npy,/content/drive/MyDrive/ResUnet/dataset/masks/patch_98.npy,0,0,256,0.0971832275390625
train,patch_99,/content/drive/MyDrive/ResUnet/dataset/images/patch_99.npy,/content/drive/MyDrive/ResUnet/dataset/masks/patch_99.npy,0,0,256,0.0803070068359375
train,patch_101,/content/drive/MyDrive/ResUnet/dataset/images/patch_101.npy,/content/drive/MyDrive/ResUnet/dataset/masks/patch_101.npy,0,0,256,0.2855682373046875
train,patch_102,/content/drive/MyDrive/ResUnet/dataset/images/patch_102.npy,/content/drive/MyDrive/ResUnet/dataset/masks/patch_102.npy,0,0,256,0.349945068359375
train,patch_103,/content/drive/MyDrive/ResUnet/dataset/images/patch_103.npy,/content/drive/MyDrive/ResUnet/dataset/masks/patch_103.npy,0,0,256,0.3458251953125
train,patch_104,/content/drive/MyDrive/ResUnet/dataset/images/patch_104.npy,/content/drive/MyDrive/ResUnet/dataset/masks/patch_104.npy,0,0,256,0.226104736328125
train,patch_105,/content/drive/MyDrive/ResUnet/dataset/images/patch_105.npy,/content/drive/MyDrive/ResUnet/dataset/masks/patch_105.npy,0,0,256,0.1053466796875
train,patch_106,/content/drive/MyDrive/ResUnet/dataset/images/patch_106.npy,/content/drive/MyDrive/ResUnet/dataset/masks/patch_106.npy,0,0,256,0.063446044921875
train,patch_108,/content/drive/MyDrive/ResUnet/dataset/images/patch_108.npy,/content/drive/MyDrive/ResUnet/dataset/masks/patch_108.npy,0,0,256,0.099700927734375
train,patch_109,/content/drive/MyDrive/ResUnet/dataset/images/patch_109.npy,/content/drive/MyDrive/ResUnet/dataset/masks/patch_109.npy,0,0,256,0.206329345703125
train,patch_110,/content/drive/MyDrive/ResUnet/dataset/images/patch_110.npy,/content/drive/MyDrive/ResUnet/dataset/masks/patch_110.npy,0,0,256,0.336639404296875
train,patch_111,/content/drive/MyDrive/ResUnet/dataset/images/patch_111.npy,/content/drive/MyDrive/ResUnet/dataset/masks/patch_111.npy,0,0,256,0.5744476318359375
train,patch_112,/content/drive/MyDrive/ResUnet/dataset/images/patch_112.npy,/content/drive/MyDrive/ResUnet/dataset/masks/patch_112.npy,0,0,256,0.78631591796875
train,patch_113,/content/drive/MyDrive/ResUnet/dataset/images/patch_113.npy,/content/drive/MyDrive/ResUnet/dataset/masks/patch_113.npy,0,0,256,0.9260101318359375
train,patch_114,/content/drive/MyDrive/ResUnet/dataset/images/patch_114.npy,/content/drive/MyDrive/ResUnet/dataset/masks/patch_114.npy,0,0,256,0.6078338623046875
train,patch_115,/content/drive/MyDrive/ResUnet/dataset/images/patch_115.npy,/content/drive/MyDrive/ResUnet/dataset/masks/patch_115.npy,0,0,256,0.4827117919921875
train,patch_116,/content/drive/MyDrive/ResUnet/dataset/images/patch_116.npy,/content/drive/MyDrive/ResUnet/dataset/masks/patch_116.npy,0,0,256,0.4002227783203125
train,patch_118,/content/drive/MyDrive/ResUnet/dataset/images/patch_118.npy,/content/drive/MyDrive/ResUnet/dataset/masks/patch_118.npy,0,0,256,0.409393310546875
train,patch_119,/content/drive/MyDrive/ResUnet/dataset/images/patch_119.npy,/content/drive/MyDrive/ResUnet/dataset/masks/patch_119.npy,0,0,256,0.5045318603515625
train,patch_120,/content/drive/MyDrive/ResUnet/dataset/images/patch_120.npy,/content/drive/MyDrive/ResUnet/dataset/masks/patch_120.npy,0,0,256,0.5915374755859375
train,patch_121,/content/drive/MyDrive/ResUnet/dataset/images/patch_121.npy,/content/drive/MyDrive/ResUnet/dataset/masks/patch_121.npy,0,0,256,0.65460205078125
train,patch_122,/content/drive/MyDrive/ResUnet/dataset/images/patch_122.npy,/content/drive/MyDrive/ResUnet/dataset/masks/patch_122.npy,0,0,256,0.6759185791015625
train,patch_124,/content/drive/MyDrive/ResUnet/dataset/images/patch_124.npy,/content/drive/MyDrive/ResUnet/dataset/masks/patch_124.npy,0,0,256,0.59967041015625
train,patch_125,/content/drive/MyDrive/ResUnet/dataset/images/patch_125.npy,/content/drive/MyDrive/ResUnet/dataset/masks/patch_125.npy,0,0,256,0.5112762451171875
train,patch_126,/content/drive/MyDrive/ResUnet/dataset/images/patch_126.npy,/content/drive/MyDrive/ResUnet/dataset/masks/patch_126.npy,0,0,256,0.4150390625
train,patch_127,/content/drive/MyDrive/ResUnet/dataset/images/patch_127.npy,/content/drive/MyDrive/ResUnet/dataset/masks/patch_127.npy,0,0,256,0.295013427734375
train,patch_128,/content/drive/MyDrive/ResUnet/dataset/images/patch_128.npy,/content/drive/MyDrive/ResUnet/dataset/masks/patch_128.npy,0,0,256,0.1792144775390625
train,patch_130,/content/drive/MyDrive/ResUnet/dataset/images/patch_130.npy,/content/drive/MyDrive/ResUnet/dataset/masks/patch_130.npy,0,0,256,0.1249237060546875
train,patch_131,/content/drive/MyDrive/ResUnet/dataset/images/patch_131.npy,/content/drive/MyDrive/ResUnet/dataset/masks/patch_131.npy,0,0,256,0.18829345703125
train,patch_132,/content/drive/MyDrive/ResUnet/dataset/images/patch_132.npy,/content/drive/MyDrive/ResUnet/dataset/masks/patch_132.npy,0,0,256,0.225555419921875
train,patch_133,/content/drive/MyDrive/ResUnet/dataset/images/patch_133.npy,/content/drive/MyDrive/ResUnet/dataset/masks/patch_133.npy,0,0,256,0.20892333984375
train,patch_134,/content/drive/MyDrive/ResUnet/dataset/images/patch_134.npy,/content/drive/MyDrive/ResUnet/dataset/masks/patch_134.npy,0,0,256,0.10101318359375
train,patch_135,/content/drive/MyDrive/ResUnet/dataset/images/patch_135.npy,/content/drive/MyDrive/ResUnet/dataset/masks/patch_135.npy,0,0,256,0.176666259765625
train,patch_136,/content/drive/MyDrive/ResUnet/dataset/images/patch_136.npy,/content/drive/MyDrive/ResUnet/dataset/masks/patch_136.npy,0,0,256,0.3406219482421875
train,patch_137,/content/drive/MyDrive/ResUnet/dataset/images/patch_137.npy,/content/drive/MyDrive/ResUnet/dataset/masks/patch_137.npy,0,0,256,0.466796875
train,patch_138,/content/drive/MyDrive/ResUnet/dataset/images/patch_138.npy,/content/drive/MyDrive/ResUnet/dataset/masks/patch_138.npy,0,0,256,0.4759521484375
train,patch_140,/content/drive/MyDrive/ResUnet/dataset/images/patch_140.npy,/content/drive/MyDrive/ResUnet/dataset/masks/patch_140.npy,0,0,256,0.1834259033203125
train,patch_141,/content/drive/MyDrive/ResUnet/dataset/images/patch_141.npy,/content/drive/MyDrive/ResUnet/dataset/masks/patch_141.npy,0,0,256,0.0517425537109375
train,patch_143,/content/drive/MyDrive/ResUnet/dataset/images/patch_143.npy,/content/drive/MyDrive/ResUnet/dataset/masks/patch_143.npy,0,0,256,0.1124267578125
train,patch_144,/content/drive/MyDrive/ResUnet/dataset/images/patch_144.npy,/content/drive/MyDrive/ResUnet/dataset/masks/patch_144.npy,0,0,256,0.1267242431640625
train,patch_145,/content/drive/MyDrive/ResUnet/dataset/images/patch_145.npy,/content/drive/MyDrive/ResUnet/dataset/masks/patch_145.npy,0,0,256,0.2006988525390625
train,patch_147,/content/drive/MyDrive/ResUnet/dataset/images/patch_147.npy,/content/drive/MyDrive/ResUnet/dataset/masks/patch_147.npy,0,0,256,0.40411376953125
train,patch_148,/content/drive/MyDrive/ResUnet/dataset/images/patch_148.npy,/content/drive/MyDrive/ResUnet/dataset/masks/patch_148.npy,0,0,256,0.6354217529296875
train,patch_149,/content/drive/MyDrive/ResUnet/dataset/images/patch_149.npy,/content/drive/MyDrive/ResUnet/dataset/masks/patch_149.npy,0,0,256,0.8060150146484375
train,patch_150,/content/drive/MyDrive/ResUnet/dataset/images/patch_150.npy,/content/drive/MyDrive/ResUnet/dataset/masks/patch_150.npy,0,0,256,0.928680419921875
train,patch_151,/content/drive/MyDrive/ResUnet/dataset/images/patch_151.npy,/content/drive/MyDrive/ResUnet/dataset/masks/patch_151.npy,0,0,256,0.87213134765625
train,patch_153,/content/drive/MyDrive/ResUnet/dataset/images/patch_153.npy,/content/drive/MyDrive/ResUnet/dataset/masks/patch_153.npy,0,0,256,0.7053375244140625
train,patch_154,/content/drive/MyDrive/ResUnet/dataset/images/patch_154.npy,/content/drive/MyDrive/ResUnet/dataset/masks/patch_154.npy,0,0,256,0.584197998046875
train,patch_155,/content/drive/MyDrive/ResUnet/dataset/images/patch_155.npy,/content/drive/MyDrive/ResUnet/dataset/masks/patch_155.npy,0,0,256,0.4197845458984375
train,patch_156,/content/drive/MyDrive/ResUnet/dataset/images/patch_156.npy,/content/drive/MyDrive/ResUnet/dataset/masks/patch_156.npy,0,0,256,0.290130615234375
train,patch_157,/content/drive/MyDrive/ResUnet/dataset/images/patch_157.npy,/content/drive/MyDrive/ResUnet/dataset/masks/patch_157.npy,0,0,256,0.2131500244140625
train,patch_158,/content/drive/MyDrive/ResUnet/dataset/images/patch_158.npy,/content/drive/MyDrive/ResUnet/dataset/masks/patch_158.npy,0,0,256,0.21331787109375
train,patch_159,/content/drive/MyDrive/ResUnet/dataset/images/patch_159.npy,/content/drive/MyDrive/ResUnet/dataset/masks/patch_159.npy,0,0,256,0.2642364501953125
train,patch_160,/content/drive/MyDrive/ResUnet/dataset/images/patch_160.npy,/content/drive/MyDrive/ResUnet/dataset/masks/patch_160.npy,0,0,256,0.3415374755859375
train,patch_161,/content/drive/MyDrive/ResUnet/dataset/images/patch_161.npy,/content/drive/MyDrive/ResUnet/dataset/masks/patch_161.npy,0,0,256,0.406463623046875
train,patch_162,/content/drive/MyDrive/ResUnet/dataset/images/patch_162.npy,/content/drive/MyDrive/ResUnet/dataset/masks/patch_162.npy,0,0,256,0.4671783447265625
train,patch_164,/content/drive/MyDrive/ResUnet/dataset/images/patch_164.npy,/content/drive/MyDrive/ResUnet/dataset/masks/patch_164.npy,0,0,256,0.4375762939453125
train,patch_165,/content/drive/MyDrive/ResUnet/dataset/images/patch_165.npy,/content/drive/MyDrive/ResUnet/dataset/masks/patch_165.npy,0,0,256,0.347320556640625
train,patch_166,/content/drive/MyDrive/ResUnet/dataset/images/patch_166.npy,/content/drive/MyDrive/ResUnet/dataset/masks/patch_166.npy,0,0,256,0.24542236328125
train,patch_167,/content/drive/MyDrive/ResUnet/dataset/images/patch_167.npy,/content/drive/MyDrive/ResUnet/dataset/masks/patch_167.npy,0,0,256,0.1423797607421875
train,patch_168,/content/drive/MyDrive/ResUnet/dataset/images/patch_168.npy,/content/drive/MyDrive/ResUnet/dataset/masks/patch_168.npy,0,0,256,0.0775299072265625
train,patch_169,/content/drive/MyDrive/ResUnet/dataset/images/patch_169.npy,/content/drive/MyDrive/ResUnet/dataset/masks/patch_169.npy,0,0,256,0.1259918212890625
train,patch_171,/content/drive/MyDrive/ResUnet/dataset/images/patch_171.npy,/content/drive/MyDrive/ResUnet/dataset/masks/patch_171.npy,0,0,256,0.273162841796875
train,patch_172,/content/drive/MyDrive/ResUnet/dataset/images/patch_172.npy,/content/drive/MyDrive/ResUnet/dataset/masks/patch_172.npy,0,0,256,0.25653076171875
train,patch_173,/content/drive/MyDrive/ResUnet/dataset/images/patch_173.npy,/content/drive/MyDrive/ResUnet/dataset/masks/patch_173.npy,0,0,256,0.1489410400390625
train,patch_174,/content/drive/MyDrive/ResUnet/dataset/images/patch_174.npy,/content/drive/MyDrive/ResUnet/dataset/masks/patch_174.npy,0,0,256,0.083892822265625
train,patch_175,/content/drive/MyDrive/ResUnet/dataset/images/patch_175.npy,/content/drive/MyDrive/ResUnet/dataset/masks/patch_175.npy,0,0,256,0.1262664794921875
train,patch_176,/content/drive/MyDrive/ResUnet/dataset/images/patch_176.npy,/content/drive/MyDrive/ResUnet/dataset/masks/patch_176.npy,0,0,256,0.168975830078125
train,patch_177,/content/drive/MyDrive/ResUnet/dataset/images/patch_177.npy,/content/drive/MyDrive/ResUnet/dataset/masks/patch_177.npy,0,0,256,0.2201690673828125
train,patch_178,/content/drive/MyDrive/ResUnet/dataset/images/patch_178.npy,/content/drive/MyDrive/ResUnet/dataset/masks/patch_178.npy,0,0,256,0.221405029296875
train,patch_179,/content/drive/MyDrive/ResUnet/dataset/images/patch_179.npy,/content/drive/MyDrive/ResUnet/dataset/masks/patch_179.npy,0,0,256,0.183868408203125
train,patch_180,/content/drive/MyDrive/ResUnet/dataset/images/patch_180.npy,/content/drive/MyDrive/ResUnet/dataset/masks/patch_180.npy,0,0,256,0.1497802734375
train,patch_181,/content/drive/MyDrive/ResUnet/dataset/images/patch_181.npy,/content/drive/MyDrive/ResUnet/dataset/masks/patch_181.npy,0,0,256,0.1134796142578125
train,patch_182,/content/drive/MyDrive/ResUnet/dataset/images/patch_182.npy,/content/drive/MyDrive/ResUnet/dataset/masks/patch_182.npy,0,0,256,0.1018829345703125
train,patch_184,/content/drive/MyDrive/ResUnet/dataset/images/patch_184.npy,/content/drive/MyDrive/ResUnet/dataset/masks/patch_184.npy,0,0,256,0.237701416015625
train,patch_185,/content/drive/MyDrive/ResUnet/dataset/images/patch_185.npy,/content/drive/MyDrive/ResUnet/dataset/masks/patch_185.npy,0,0,256,0.4326324462890625
train,patch_186,/content/drive/MyDrive/ResUnet/dataset/images/patch_186.npy,/content/drive/MyDrive/ResUnet/dataset/masks/patch_186.npy,0,0,256,0.5503082275390625
train,patch_187,/content/drive/MyDrive/ResUnet/dataset/images/patch_187.npy,/content/drive/MyDrive/ResUnet/dataset/masks/patch_187.npy,0,0,256,0.5330657958984375
train,patch_188,/content/drive/MyDrive/ResUnet/dataset/images/patch_188.npy,/content/drive/MyDrive/ResUnet/dataset/masks/patch_188.npy,0,0,256,0.4149017333984375
train,patch_189,/content/drive/MyDrive/ResUnet/dataset/images/patch_189.npy,/content/drive/MyDrive/ResUnet/dataset/masks/patch_189.npy,0,0,256,0.2036895751953125
train,patch_190,/content/drive/MyDrive/ResUnet/dataset/images/patch_190.npy,/content/drive/MyDrive/ResUnet/dataset/masks/patch_190.npy,0,0,256,0.0517425537109375
train,patch_191,/content/drive/MyDrive/ResUnet/dataset/images/patch_191.npy,/content/drive/MyDrive/ResUnet/dataset/masks/patch_191.npy,0,0,256,0.077728271484375
train,patch_192,/content/drive/MyDrive/ResUnet/dataset/images/patch_192.npy,/content/drive/MyDrive/ResUnet/dataset/masks/patch_192.npy,0,0,256,0.090484619140625
train,patch_194,/content/drive/MyDrive/ResUnet/dataset/images/patch_194.npy,/content/drive/MyDrive/ResUnet/dataset/masks/patch_194.npy,0,0,256,0.1532135009765625
train,patch_195,/content/drive/MyDrive/ResUnet/dataset/images/patch_195.npy,/content/drive/MyDrive/ResUnet/dataset/masks/patch_195.npy,0,0,256,0.23876953125
train,patch_196,/content/drive/MyDrive/ResUnet/dataset/images/patch_196.npy,/content/drive/MyDrive/ResUnet/dataset/masks/patch_196.npy,0,0,256,0.43212890625
train,patch_197,/content/drive/MyDrive/ResUnet/dataset/images/patch_197.npy,/content/drive/MyDrive/ResUnet/dataset/masks/patch_197.npy,0,0,256,0.63922119140625
train,patch_198,/content/drive/MyDrive/ResUnet/dataset/images/patch_198.npy,/content/drive/MyDrive/ResUnet/dataset/masks/patch_198.npy,0,0,256,0.8145751953125
train,patch_199,/content/drive/MyDrive/ResUnet/dataset/images/patch_199.npy,/content/drive/MyDrive/ResUnet/dataset/masks/patch_199.npy,0,0,256,0.9371795654296875
train,patch_200,/content/drive/MyDrive/ResUnet/dataset/images/patch_200.npy,/content/drive/MyDrive/ResUnet/dataset/masks/patch_200.npy,0,0,256,0.826934814453125
train,patch_201,/content/drive/MyDrive/ResUnet/dataset/images/patch_201.npy,/content/drive/MyDrive/ResUnet/dataset/masks/patch_201.npy,0,0,256,0.81903076171875
train,patch_202,/content/drive/MyDrive/ResUnet/dataset/images/patch_202.npy,/content/drive/MyDrive/ResUnet/dataset/masks/patch_202.npy,0,0,256,0.77215576171875
train,patch_203,/content/drive/MyDrive/ResUnet/dataset/images/patch_203.npy,/content/drive/MyDrive/ResUnet/dataset/masks/patch_203.npy,0,0,256,0.7578277587890625
train,patch_204,/content/drive/MyDrive/ResUnet/dataset/images/patch_204.npy,/content/drive/MyDrive/ResUnet/dataset/masks/patch_204.npy,0,0,256,0.65252685546875
train,patch_205,/content/drive/MyDrive/ResUnet/dataset/images/patch_205.npy,/content/drive/MyDrive/ResUnet/dataset/masks/patch_205.npy,0,0,256,0.5254669189453125
train,patch_206,/content/drive/MyDrive/ResUnet/dataset/images/patch_206.npy,/content/drive/MyDrive/ResUnet/dataset/masks/patch_206.npy,0,0,256,0.418426513671875
train,patch_207,/content/drive/MyDrive/ResUnet/dataset/images/patch_207.npy,/content/drive/MyDrive/ResUnet/dataset/masks/patch_207.npy,0,0,256,0.2918701171875
train,patch_208,/content/drive/MyDrive/ResUnet/dataset/images/patch_208.npy,/content/drive/MyDrive/ResUnet/dataset/masks/patch_208.npy,0,0,256,0.1927337646484375
train,patch_209,/content/drive/MyDrive/ResUnet/dataset/images/patch_209.npy,/content/drive/MyDrive/ResUnet/dataset/masks/patch_209.npy,0,0,256,0.1125640869140625
train,patch_210,/content/drive/MyDrive/ResUnet/dataset/images/patch_210.npy,/content/drive/MyDrive/ResUnet/dataset/masks/patch_210.npy,0,0,256,0.0715484619140625
train,patch_213,/content/drive/MyDrive/ResUnet/dataset/images/patch_213.npy,/content/drive/MyDrive/ResUnet/dataset/masks/patch_213.npy,0,0,256,0.1605377197265625
train,patch_214,/content/drive/MyDrive/ResUnet/dataset/images/patch_214.npy,/content/drive/MyDrive/ResUnet/dataset/masks/patch_214.npy,0,0,256,0.2171783447265625
train,patch_215,/content/drive/MyDrive/ResUnet/dataset/images/patch_215.npy,/content/drive/MyDrive/ResUnet/dataset/masks/patch_215.npy,0,0,256,0.238311767578125
train,patch_216,/content/drive/MyDrive/ResUnet/dataset/images/patch_216.npy,/content/drive/MyDrive/ResUnet/dataset/masks/patch_216.npy,0,0,256,0.1925811767578125
train,patch_217,/content/drive/MyDrive/ResUnet/dataset/images/patch_217.npy,/content/drive/MyDrive/ResUnet/dataset/masks/patch_217.npy,0,0,256,0.13275146484375
train,patch_220,/content/drive/MyDrive/ResUnet/dataset/images/patch_220.npy,/content/drive/MyDrive/ResUnet/dataset/masks/patch_220.npy,0,0,256,0.182830810546875
train,patch_221,/content/drive/MyDrive/ResUnet/dataset/images/patch_221.npy,/content/drive/MyDrive/ResUnet/dataset/masks/patch_221.npy,0,0,256,0.1840057373046875
train,patch_222,/content/drive/MyDrive/ResUnet/dataset/images/patch_222.npy,/content/drive/MyDrive/ResUnet/dataset/masks/patch_222.npy,0,0,256,0.119384765625
train,patch_223,/content/drive/MyDrive/ResUnet/dataset/images/patch_223.npy,/content/drive/MyDrive/ResUnet/dataset/masks/patch_223.npy,0,0,256,0.0720672607421875
train,patch_224,/content/drive/MyDrive/ResUnet/dataset/images/patch_224.npy,/content/drive/MyDrive/ResUnet/dataset/masks/patch_224.npy,0,0,256,0.1209259033203125
train,patch_225,/content/drive/MyDrive/ResUnet/dataset/images/patch_225.npy,/content/drive/MyDrive/ResUnet/dataset/masks/patch_225.npy,0,0,256,0.2744903564453125
train,patch_227,/content/drive/MyDrive/ResUnet/dataset/images/patch_227.npy,/content/drive/MyDrive/ResUnet/dataset/masks/patch_227.npy,0,0,256,0.3121185302734375
train,patch_228,/content/drive/MyDrive/ResUnet/dataset/images/patch_228.npy,/content/drive/MyDrive/ResUnet/dataset/masks/patch_228.npy,0,0,256,0.2581634521484375
train,patch_229,/content/drive/MyDrive/ResUnet/dataset/images/patch_229.npy,/content/drive/MyDrive/ResUnet/dataset/masks/patch_229.npy,0,0,256,0.2105560302734375
train,patch_230,/content/drive/MyDrive/ResUnet/dataset/images/patch_230.npy,/content/drive/MyDrive/ResUnet/dataset/masks/patch_230.npy,0,0,256,0.2980804443359375
train,patch_231,/content/drive/MyDrive/ResUnet/dataset/images/patch_231.npy,/content/drive/MyDrive/ResUnet/dataset/masks/patch_231.npy,0,0,256,0.4002227783203125
train,patch_232,/content/drive/MyDrive/ResUnet/dataset/images/patch_232.npy,/content/drive/MyDrive/ResUnet/dataset/masks/patch_232.npy,0,0,256,0.4701690673828125
train,patch_233,/content/drive/MyDrive/ResUnet/dataset/images/patch_233.npy,/content/drive/MyDrive/ResUnet/dataset/masks/patch_233.npy,0,0,256,0.471405029296875
train,patch_234,/content/drive/MyDrive/ResUnet/dataset/images/patch_234.npy,/content/drive/MyDrive/ResUnet/dataset/masks/patch_234.npy,0,0,256,0.433868408203125
train,patch_235,/content/drive/MyDrive/ResUnet/dataset/images/patch_235.npy,/content/drive/MyDrive/ResUnet/dataset/masks/patch_235.npy,0,0,256,0.3997802734375
train,patch_236,/content/drive/MyDrive/ResUnet/dataset/images/patch_236.npy,/content/drive/MyDrive/ResUnet/dataset/masks/patch_236.npy,0,0,256,0.3634796142578125
train,patch_237,/content/drive/MyDrive/ResUnet/dataset/images/patch_237.npy,/content/drive/MyDrive/ResUnet/dataset/masks/patch_237.npy,0,0,256,0.3518829345703125
train,patch_238,/content/drive/MyDrive/ResUnet/dataset/images/patch_238.npy,/content/drive/MyDrive/ResUnet/dataset/masks/patch_238.npy,0,0,256,0.35870361328125
train,patch_239,/content/drive/MyDrive/ResUnet/dataset/images/patch_239.npy,/content/drive/MyDrive/ResUnet/dataset/masks/patch_239.npy,0,0,256,0.4130706787109375
train,patch_240,/content/drive/MyDrive/ResUnet/dataset/images/patch_240.npy,/content/drive/MyDrive/ResUnet/dataset/masks/patch_240.npy,0,0,256,0.5481109619140625
train,patch_242,/content/drive/MyDrive/ResUnet/dataset/images/patch_242.npy,/content/drive/MyDrive/ResUnet/dataset/masks/patch_242.npy,0,0,256,0.556976318359375
train,patch_243,/content/drive/MyDrive/ResUnet/dataset/images/patch_243.npy,/content/drive/MyDrive/ResUnet/dataset/masks/patch_243.npy,0,0,256,0.4416961669921875
train,patch_244,/content/drive/MyDrive/ResUnet/dataset/images/patch_244.npy,/content/drive/MyDrive/ResUnet/dataset/masks/patch_244.npy,0,0,256,0.2329254150390625
train,patch_245,/content/drive/MyDrive/ResUnet/dataset/images/patch_245.npy,/content/drive/MyDrive/ResUnet/dataset/masks/patch_245.npy,0,0,256,0.073944091796875
train,patch_246,/content/drive/MyDrive/ResUnet/dataset/images/patch_246.npy,/content/drive/MyDrive/ResUnet/dataset/masks/patch_246.npy,0,0,256,0.0669708251953125
train,patch_247,/content/drive/MyDrive/ResUnet/dataset/images/patch_247.npy,/content/drive/MyDrive/ResUnet/dataset/masks/patch_247.npy,0,0,256,0.0796966552734375
train,patch_248,/content/drive/MyDrive/ResUnet/dataset/images/patch_248.npy,/content/drive/MyDrive/ResUnet/dataset/masks/patch_248.npy,0,0,256,0.1168365478515625
train,patch_249,/content/drive/MyDrive/ResUnet/dataset/images/patch_249.npy,/content/drive/MyDrive/ResUnet/dataset/masks/patch_249.npy,0,0,256,0.1134185791015625
train,patch_250,/content/drive/MyDrive/ResUnet/dataset/images/patch_250.npy,/content/drive/MyDrive/ResUnet/dataset/masks/patch_250.npy,0,0,256,0.1384429931640625
train,patch_251,/content/drive/MyDrive/ResUnet/dataset/images/patch_251.npy,/content/drive/MyDrive/ResUnet/dataset/masks/patch_251.npy,0,0,256,0.269744873046875
train,patch_252,/content/drive/MyDrive/ResUnet/dataset/images/patch_252.npy,/content/drive/MyDrive/ResUnet/dataset/masks/patch_252.npy,0,0,256,0.4565277099609375
train,patch_254,/content/drive/MyDrive/ResUnet/dataset/images/patch_254.npy,/content/drive/MyDrive/ResUnet/dataset/masks/patch_254.npy,0,0,256,0.85736083984375
train,patch_255,/content/drive/MyDrive/ResUnet/dataset/images/patch_255.npy,/content/drive/MyDrive/ResUnet/dataset/masks/patch_255.npy,0,0,256,0.9014434814453125
train,patch_256,/content/drive/MyDrive/ResUnet/dataset/images/patch_256.npy,/content/drive/MyDrive/ResUnet/dataset/masks/patch_256.npy,0,0,256,0.709564208984375
train,patch_257,/content/drive/MyDrive/ResUnet/dataset/images/patch_257.npy,/content/drive/MyDrive/ResUnet/dataset/masks/patch_257.npy,0,0,256,0.5460968017578125
train,patch_258,/content/drive/MyDrive/ResUnet/dataset/images/patch_258.npy,/content/drive/MyDrive/ResUnet/dataset/masks/patch_258.npy,0,0,256,0.6275177001953125
train,patch_259,/content/drive/MyDrive/ResUnet/dataset/images/patch_259.npy,/content/drive/MyDrive/ResUnet/dataset/masks/patch_259.npy,0,0,256,0.600982666015625
train,patch_260,/content/drive/MyDrive/ResUnet/dataset/images/patch_260.npy,/content/drive/MyDrive/ResUnet/dataset/masks/patch_260.npy,0,0,256,0.58184814453125
train,patch_261,/content/drive/MyDrive/ResUnet/dataset/images/patch_261.npy,/content/drive/MyDrive/ResUnet/dataset/masks/patch_261.npy,0,0,256,0.548370361328125
train,patch_262,/content/drive/MyDrive/ResUnet/dataset/images/patch_262.npy,/content/drive/MyDrive/ResUnet/dataset/masks/patch_262.npy,0,0,256,0.5459442138671875
train,patch_263,/content/drive/MyDrive/ResUnet/dataset/images/patch_263.npy,/content/drive/MyDrive/ResUnet/dataset/masks/patch_263.npy,0,0,256,0.4776611328125
train,patch_264,/content/drive/MyDrive/ResUnet/dataset/images/patch_264.npy,/content/drive/MyDrive/ResUnet/dataset/masks/patch_264.npy,0,0,256,0.3718414306640625
train,patch_265,/content/drive/MyDrive/ResUnet/dataset/images/patch_265.npy,/content/drive/MyDrive/ResUnet/dataset/masks/patch_265.npy,0,0,256,0.2780303955078125
train,patch_267,/content/drive/MyDrive/ResUnet/dataset/images/patch_267.npy,/content/drive/MyDrive/ResUnet/dataset/masks/patch_267.npy,0,0,256,0.11279296875
train,patch_268,/content/drive/MyDrive/ResUnet/dataset/images/patch_268.npy,/content/drive/MyDrive/ResUnet/dataset/masks/patch_268.npy,0,0,256,0.0597076416015625
train,patch_269,/content/drive/MyDrive/ResUnet/dataset/images/patch_269.npy,/content/drive/MyDrive/ResUnet/dataset/masks/patch_269.npy,0,0,256,0.1064605712890625
train,patch_270,/content/drive/MyDrive/ResUnet/dataset/images/patch_270.npy,/content/drive/MyDrive/ResUnet/dataset/masks/patch_270.npy,0,0,256,0.216522216796875
train,patch_271,/content/drive/MyDrive/ResUnet/dataset/images/patch_271.npy,/content/drive/MyDrive/ResUnet/dataset/masks/patch_271.npy,0,0,256,0.329254150390625
train,patch_273,/content/drive/MyDrive/ResUnet/dataset/images/patch_273.npy,/content/drive/MyDrive/ResUnet/dataset/masks/patch_273.npy,0,0,256,0.36480712890625
train,patch_274,/content/drive/MyDrive/ResUnet/dataset/images/patch_274.npy,/content/drive/MyDrive/ResUnet/dataset/masks/patch_274.npy,0,0,256,0.3033447265625
train,patch_275,/content/drive/MyDrive/ResUnet/dataset/images/patch_275.npy,/content/drive/MyDrive/ResUnet/dataset/masks/patch_275.npy,0,0,256,0.2904052734375
train,patch_276,/content/drive/MyDrive/ResUnet/dataset/images/patch_276.npy,/content/drive/MyDrive/ResUnet/dataset/masks/patch_276.npy,0,0,256,0.442230224609375
train,patch_277,/content/drive/MyDrive/ResUnet/dataset/images/patch_277.npy,/content/drive/MyDrive/ResUnet/dataset/masks/patch_277.npy,0,0,256,0.4691009521484375
train,patch_278,/content/drive/MyDrive/ResUnet/dataset/images/patch_278.npy,/content/drive/MyDrive/ResUnet/dataset/masks/patch_278.npy,0,0,256,0.4764251708984375
train,patch_280,/content/drive/MyDrive/ResUnet/dataset/images/patch_280.npy,/content/drive/MyDrive/ResUnet/dataset/masks/patch_280.npy,0,0,256,0.4405364990234375
train,patch_281,/content/drive/MyDrive/ResUnet/dataset/images/patch_281.npy,/content/drive/MyDrive/ResUnet/dataset/masks/patch_281.npy,0,0,256,0.5385589599609375
train,patch_282,/content/drive/MyDrive/ResUnet/dataset/images/patch_282.npy,/content/drive/MyDrive/ResUnet/dataset/masks/patch_282.npy,0,0,256,0.6454010009765625
train,patch_283,/content/drive/MyDrive/ResUnet/dataset/images/patch_283.npy,/content/drive/MyDrive/ResUnet/dataset/masks/patch_283.npy,0,0,256,0.71514892578125
train,patch_285,/content/drive/MyDrive/ResUnet/dataset/images/patch_285.npy,/content/drive/MyDrive/ResUnet/dataset/masks/patch_285.npy,0,0,256,0.6788482666015625
train,patch_286,/content/drive/MyDrive/ResUnet/dataset/images/patch_286.npy,/content/drive/MyDrive/ResUnet/dataset/masks/patch_286.npy,0,0,256,0.6495819091796875
train,patch_287,/content/drive/MyDrive/ResUnet/dataset/images/patch_287.npy,/content/drive/MyDrive/ResUnet/dataset/masks/patch_287.npy,0,0,256,0.6134796142578125
train,patch_288,/content/drive/MyDrive/ResUnet/dataset/images/patch_288.npy,/content/drive/MyDrive/ResUnet/dataset/masks/patch_288.npy,0,0,256,0.6018829345703125
train,patch_289,/content/drive/MyDrive/ResUnet/dataset/images/patch_289.npy,/content/drive/MyDrive/ResUnet/dataset/masks/patch_289.npy,0,0,256,0.60870361328125
train,patch_294,/content/drive/MyDrive/ResUnet/dataset/images/patch_294.npy,/content/drive/MyDrive/ResUnet/dataset/masks/patch_294.npy,0,0,256,0.4363250732421875
train,patch_295,/content/drive/MyDrive/ResUnet/dataset/images/patch_295.npy,/content/drive/MyDrive/ResUnet/dataset/masks/patch_295.npy,0,0,256,0.2282867431640625
train,patch_296,/content/drive/MyDrive/ResUnet/dataset/images/patch_296.npy,/content/drive/MyDrive/ResUnet/dataset/masks/patch_296.npy,0,0,256,0.07061767578125
train,patch_297,/content/drive/MyDrive/ResUnet/dataset/images/patch_297.npy,/content/drive/MyDrive/ResUnet/dataset/masks/patch_297.npy,0,0,256,0.0691070556640625
train,patch_298,/content/drive/MyDrive/ResUnet/dataset/images/patch_298.npy,/content/drive/MyDrive/ResUnet/dataset/masks/patch_298.npy,0,0,256,0.1054534912109375
train,patch_299,/content/drive/MyDrive/ResUnet/dataset/images/patch_299.npy,/content/drive/MyDrive/ResUnet/dataset/masks/patch_299.npy,0,0,256,0.146697998046875
train,patch_300,/content/drive/MyDrive/ResUnet/dataset/images/patch_300.npy,/content/drive/MyDrive/ResUnet/dataset/masks/patch_300.npy,0,0,256,0.183074951171875
train,patch_301,/content/drive/MyDrive/ResUnet/dataset/images/patch_301.npy,/content/drive/MyDrive/ResUnet/dataset/masks/patch_301.npy,0,0,256,0.20916748046875
train,patch_302,/content/drive/MyDrive/ResUnet/dataset/images/patch_302.npy,/content/drive/MyDrive/ResUnet/dataset/masks/patch_302.npy,0,0,256,0.1916961669921875
train,patch_303,/content/drive/MyDrive/ResUnet/dataset/images/patch_303.npy,/content/drive/MyDrive/ResUnet/dataset/masks/patch_303.npy,0,0,256,0.1857452392578125
train,patch_304,/content/drive/MyDrive/ResUnet/dataset/images/patch_304.npy,/content/drive/MyDrive/ResUnet/dataset/masks/patch_304.npy,0,0,256,0.1403961181640625
train,patch_305,/content/drive/MyDrive/ResUnet/dataset/images/patch_305.npy,/content/drive/MyDrive/ResUnet/dataset/masks/patch_305.npy,0,0,256,0.08087158203125
train,patch_306,/content/drive/MyDrive/ResUnet/dataset/images/patch_306.npy,/content/drive/MyDrive/ResUnet/dataset/masks/patch_306.npy,0,0,256,0.142333984375
train,patch_307,/content/drive/MyDrive/ResUnet/dataset/images/patch_307.npy,/content/drive/MyDrive/ResUnet/dataset/masks/patch_307.npy,0,0,256,0.2762908935546875
train,patch_308,/content/drive/MyDrive/ResUnet/dataset/images/patch_308.npy,/content/drive/MyDrive/ResUnet/dataset/masks/patch_308.npy,0,0,256,0.5008392333984375
train,patch_309,/content/drive/MyDrive/ResUnet/dataset/images/patch_309.npy,/content/drive/MyDrive/ResUnet/dataset/masks/patch_309.npy,0,0,256,0.7403411865234375
train,patch_310,/content/drive/MyDrive/ResUnet/dataset/images/patch_310.npy,/content/drive/MyDrive/ResUnet/dataset/masks/patch_310.npy,0,0,256,0.9080810546875
train,patch_311,/content/drive/MyDrive/ResUnet/dataset/images/patch_311.npy,/content/drive/MyDrive/ResUnet/dataset/masks/patch_311.npy,0,0,256,0.8213348388671875
train,patch_312,/content/drive/MyDrive/ResUnet/dataset/images/patch_312.npy,/content/drive/MyDrive/ResUnet/dataset/masks/patch_312.npy,0,0,256,0.6197357177734375
train,patch_313,/content/drive/MyDrive/ResUnet/dataset/images/patch_313.npy,/content/drive/MyDrive/ResUnet/dataset/masks/patch_313.npy,0,0,256,0.426605224609375
train,patch_314,/content/drive/MyDrive/ResUnet/dataset/images/patch_314.npy,/content/drive/MyDrive/ResUnet/dataset/masks/patch_314.npy,0,0,256,0.3094024658203125
train,patch_315,/content/drive/MyDrive/ResUnet/dataset/images/patch_315.npy,/content/drive/MyDrive/ResUnet/dataset/masks/patch_315.npy,0,0,256,0.535980224609375
train,patch_316,/content/drive/MyDrive/ResUnet/dataset/images/patch_316.npy,/content/drive/MyDrive/ResUnet/dataset/masks/patch_316.npy,0,0,256,0.49615478515625
train,patch_317,/content/drive/MyDrive/ResUnet/dataset/images/patch_317.npy,/content/drive/MyDrive/ResUnet/dataset/masks/patch_317.npy,0,0,256,0.445343017578125
train,patch_320,/content/drive/MyDrive/ResUnet/dataset/images/patch_320.npy,/content/drive/MyDrive/ResUnet/dataset/masks/patch_320.npy,0,0,256,0.3783111572265625
train,patch_321,/content/drive/MyDrive/ResUnet/dataset/images/patch_321.npy,/content/drive/MyDrive/ResUnet/dataset/masks/patch_321.npy,0,0,256,0.3461151123046875
train,patch_322,/content/drive/MyDrive/ResUnet/dataset/images/patch_322.npy,/content/drive/MyDrive/ResUnet/dataset/masks/patch_322.npy,0,0,256,0.276824951171875
train,patch_323,/content/drive/MyDrive/ResUnet/dataset/images/patch_323.npy,/content/drive/MyDrive/ResUnet/dataset/masks/patch_323.npy,0,0,256,0.186737060546875
train,patch_324,/content/drive/MyDrive/ResUnet/dataset/images/patch_324.npy,/content/drive/MyDrive/ResUnet/dataset/masks/patch_324.npy,0,0,256,0.0943603515625
train,patch_325,/content/drive/MyDrive/ResUnet/dataset/images/patch_325.npy,/content/drive/MyDrive/ResUnet/dataset/masks/patch_325.npy,0,0,256,0.0522308349609375
train,patch_326,/content/drive/MyDrive/ResUnet/dataset/images/patch_326.npy,/content/drive/MyDrive/ResUnet/dataset/masks/patch_326.npy,0,0,256,0.0630950927734375
train,patch_328,/content/drive/MyDrive/ResUnet/dataset/images/patch_328.npy,/content/drive/MyDrive/ResUnet/dataset/masks/patch_328.npy,0,0,256,0.123321533203125
train,patch_329,/content/drive/MyDrive/ResUnet/dataset/images/patch_329.npy,/content/drive/MyDrive/ResUnet/dataset/masks/patch_329.npy,0,0,256,0.088226318359375
train,patch_331,/content/drive/MyDrive/ResUnet/dataset/images/patch_331.npy,/content/drive/MyDrive/ResUnet/dataset/masks/patch_331.npy,0,0,256,0.0579986572265625
train,patch_332,/content/drive/MyDrive/ResUnet/dataset/images/patch_332.npy,/content/drive/MyDrive/ResUnet/dataset/masks/patch_332.npy,0,0,256,0.1075897216796875
train,patch_333,/content/drive/MyDrive/ResUnet/dataset/images/patch_333.npy,/content/drive/MyDrive/ResUnet/dataset/masks/patch_333.npy,0,0,256,0.273284912109375
train,patch_334,/content/drive/MyDrive/ResUnet/dataset/images/patch_334.npy,/content/drive/MyDrive/ResUnet/dataset/masks/patch_334.npy,0,0,256,0.448516845703125
train,patch_335,/content/drive/MyDrive/ResUnet/dataset/images/patch_335.npy,/content/drive/MyDrive/ResUnet/dataset/masks/patch_335.npy,0,0,256,0.5722808837890625
train,patch_336,/content/drive/MyDrive/ResUnet/dataset/images/patch_336.npy,/content/drive/MyDrive/ResUnet/dataset/masks/patch_336.npy,0,0,256,0.6075592041015625
train,patch_337,/content/drive/MyDrive/ResUnet/dataset/images/patch_337.npy,/content/drive/MyDrive/ResUnet/dataset/masks/patch_337.npy,0,0,256,0.5532379150390625
train,patch_338,/content/drive/MyDrive/ResUnet/dataset/images/patch_338.npy,/content/drive/MyDrive/ResUnet/dataset/masks/patch_338.npy,0,0,256,0.5072021484375
train,patch_339,/content/drive/MyDrive/ResUnet/dataset/images/patch_339.npy,/content/drive/MyDrive/ResUnet/dataset/masks/patch_339.npy,0,0,256,0.5995330810546875
train,patch_340,/content/drive/MyDrive/ResUnet/dataset/images/patch_340.npy,/content/drive/MyDrive/ResUnet/dataset/masks/patch_340.npy,0,0,256,0.590728759765625
train,patch_341,/content/drive/MyDrive/ResUnet/dataset/images/patch_341.npy,/content/drive/MyDrive/ResUnet/dataset/masks/patch_341.npy,0,0,256,0.597808837890625
train,patch_342,/content/drive/MyDrive/ResUnet/dataset/images/patch_342.npy,/content/drive/MyDrive/ResUnet/dataset/masks/patch_342.npy,0,0,256,0.6387481689453125
train,patch_343,/content/drive/MyDrive/ResUnet/dataset/images/patch_343.npy,/content/drive/MyDrive/ResUnet/dataset/masks/patch_343.npy,0,0,256,0.653411865234375
train,patch_344,/content/drive/MyDrive/ResUnet/dataset/images/patch_344.npy,/content/drive/MyDrive/ResUnet/dataset/masks/patch_344.npy,0,0,256,0.769744873046875
train,patch_345,/content/drive/MyDrive/ResUnet/dataset/images/patch_345.npy,/content/drive/MyDrive/ResUnet/dataset/masks/patch_345.npy,0,0,256,0.8694000244140625
train,patch_346,/content/drive/MyDrive/ResUnet/dataset/images/patch_346.npy,/content/drive/MyDrive/ResUnet/dataset/masks/patch_346.npy,0,0,256,0.93914794921875
train,patch_348,/content/drive/MyDrive/ResUnet/dataset/images/patch_348.npy,/content/drive/MyDrive/ResUnet/dataset/masks/patch_348.npy,0,0,256,0.9213104248046875
train,patch_349,/content/drive/MyDrive/ResUnet/dataset/images/patch_349.npy,/content/drive/MyDrive/ResUnet/dataset/masks/patch_349.npy,0,0,256,0.8995819091796875
train,patch_350,/content/drive/MyDrive/ResUnet/dataset/images/patch_350.npy,/content/drive/MyDrive/ResUnet/dataset/masks/patch_350.npy,0,0,256,0.8634796142578125
train,patch_351,/content/drive/MyDrive/ResUnet/dataset/images/patch_351.npy,/content/drive/MyDrive/ResUnet/dataset/masks/patch_351.npy,0,0,256,0.8517913818359375
train,patch_352,/content/drive/MyDrive/ResUnet/dataset/images/patch_352.npy,/content/drive/MyDrive/ResUnet/dataset/masks/patch_352.npy,0,0,256,0.8556976318359375
train,patch_354,/content/drive/MyDrive/ResUnet/dataset/images/patch_354.npy,/content/drive/MyDrive/ResUnet/dataset/masks/patch_354.npy,0,0,256,0.854644775390625
train,patch_355,/content/drive/MyDrive/ResUnet/dataset/images/patch_355.npy,/content/drive/MyDrive/ResUnet/dataset/masks/patch_355.npy,0,0,256,0.755126953125
train,patch_356,/content/drive/MyDrive/ResUnet/dataset/images/patch_356.npy,/content/drive/MyDrive/ResUnet/dataset/masks/patch_356.npy,0,0,256,0.570892333984375
train,patch_358,/content/drive/MyDrive/ResUnet/dataset/images/patch_358.npy,/content/drive/MyDrive/ResUnet/dataset/masks/patch_358.npy,0,0,256,0.1921539306640625
train,patch_359,/content/drive/MyDrive/ResUnet/dataset/images/patch_359.npy,/content/drive/MyDrive/ResUnet/dataset/masks/patch_359.npy,0,0,256,0.0960845947265625
train,patch_362,/content/drive/MyDrive/ResUnet/dataset/images/patch_362.npy,/content/drive/MyDrive/ResUnet/dataset/masks/patch_362.npy,0,0,256,0.2584991455078125
train,patch_363,/content/drive/MyDrive/ResUnet/dataset/images/patch_363.npy,/content/drive/MyDrive/ResUnet/dataset/masks/patch_363.npy,0,0,256,0.3324432373046875
train,patch_364,/content/drive/MyDrive/ResUnet/dataset/images/patch_364.npy,/content/drive/MyDrive/ResUnet/dataset/masks/patch_364.npy,0,0,256,0.3921051025390625
train,patch_365,/content/drive/MyDrive/ResUnet/dataset/images/patch_365.npy,/content/drive/MyDrive/ResUnet/dataset/masks/patch_365.npy,0,0,256,0.4151153564453125
train,patch_366,/content/drive/MyDrive/ResUnet/dataset/images/patch_366.npy,/content/drive/MyDrive/ResUnet/dataset/masks/patch_366.npy,0,0,256,0.4071502685546875
train,patch_367,/content/drive/MyDrive/ResUnet/dataset/images/patch_367.npy,/content/drive/MyDrive/ResUnet/dataset/masks/patch_367.npy,0,0,256,0.371185302734375
train,patch_369,/content/drive/MyDrive/ResUnet/dataset/images/patch_369.npy,/content/drive/MyDrive/ResUnet/dataset/masks/patch_369.npy,0,0,256,0.1952972412109375
train,patch_370,/content/drive/MyDrive/ResUnet/dataset/images/patch_370.npy,/content/drive/MyDrive/ResUnet/dataset/masks/patch_370.npy,0,0,256,0.1055908203125
train,patch_371,/content/drive/MyDrive/ResUnet/dataset/images/patch_371.npy,/content/drive/MyDrive/ResUnet/dataset/masks/patch_371.npy,0,0,256,0.064666748046875
train,patch_372,/content/drive/MyDrive/ResUnet/dataset/images/patch_372.npy,/content/drive/MyDrive/ResUnet/dataset/masks/patch_372.npy,0,0,256,0.151123046875
train,patch_373,/content/drive/MyDrive/ResUnet/dataset/images/patch_373.npy,/content/drive/MyDrive/ResUnet/dataset/masks/patch_373.npy,0,0,256,0.3443450927734375
train,patch_374,/content/drive/MyDrive/ResUnet/dataset/images/patch_374.npy,/content/drive/MyDrive/ResUnet/dataset/masks/patch_374.npy,0,0,256,0.589385986328125
train,patch_377,/content/drive/MyDrive/ResUnet/dataset/images/patch_377.npy,/content/drive/MyDrive/ResUnet/dataset/masks/patch_377.npy,0,0,256,0.7330474853515625
train,patch_378,/content/drive/MyDrive/ResUnet/dataset/images/patch_378.npy,/content/drive/MyDrive/ResUnet/dataset/masks/patch_378.npy,0,0,256,0.51397705078125
train,patch_380,/content/drive/MyDrive/ResUnet/dataset/images/patch_380.npy,/content/drive/MyDrive/ResUnet/dataset/masks/patch_380.npy,0,0,256,0.361114501953125
train,patch_381,/content/drive/MyDrive/ResUnet/dataset/images/patch_381.npy,/content/drive/MyDrive/ResUnet/dataset/masks/patch_381.npy,0,0,256,0.4113006591796875
train,patch_382,/content/drive/MyDrive/ResUnet/dataset/images/patch_382.npy,/content/drive/MyDrive/ResUnet/dataset/masks/patch_382.npy,0,0,256,0.3208770751953125
train,patch_383,/content/drive/MyDrive/ResUnet/dataset/images/patch_383.npy,/content/drive/MyDrive/ResUnet/dataset/masks/patch_383.npy,0,0,256,0.3090972900390625
train,patch_384,/content/drive/MyDrive/ResUnet/dataset/images/patch_384.npy,/content/drive/MyDrive/ResUnet/dataset/masks/patch_384.npy,0,0,256,0.300445556640625
train,patch_385,/content/drive/MyDrive/ResUnet/dataset/images/patch_385.npy,/content/drive/MyDrive/ResUnet/dataset/masks/patch_385.npy,0,0,256,0.2646942138671875
train,patch_386,/content/drive/MyDrive/ResUnet/dataset/images/patch_386.npy,/content/drive/MyDrive/ResUnet/dataset/masks/patch_386.npy,0,0,256,0.242828369140625
train,patch_387,/content/drive/MyDrive/ResUnet/dataset/images/patch_387.npy,/content/drive/MyDrive/ResUnet/dataset/masks/patch_387.npy,0,0,256,0.23529052734375
train,patch_388,/content/drive/MyDrive/ResUnet/dataset/images/patch_388.npy,/content/drive/MyDrive/ResUnet/dataset/masks/patch_388.npy,0,0,256,0.2086181640625
train,patch_390,/content/drive/MyDrive/ResUnet/dataset/images/patch_390.npy,/content/drive/MyDrive/ResUnet/dataset/masks/patch_390.npy,0,0,256,0.125457763671875
train,patch_391,/content/drive/MyDrive/ResUnet/dataset/images/patch_391.npy,/content/drive/MyDrive/ResUnet/dataset/masks/patch_391.npy,0,0,256,0.072174072265625
train,patch_393,/content/drive/MyDrive/ResUnet/dataset/images/patch_393.npy,/content/drive/MyDrive/ResUnet/dataset/masks/patch_393.npy,0,0,256,0.1870880126953125
train,patch_394,/content/drive/MyDrive/ResUnet/dataset/images/patch_394.npy,/content/drive/MyDrive/ResUnet/dataset/masks/patch_394.npy,0,0,256,0.221405029296875
train,patch_395,/content/drive/MyDrive/ResUnet/dataset/images/patch_395.npy,/content/drive/MyDrive/ResUnet/dataset/masks/patch_395.npy,0,0,256,0.197265625
train,patch_397,/content/drive/MyDrive/ResUnet/dataset/images/patch_397.npy,/content/drive/MyDrive/ResUnet/dataset/masks/patch_397.npy,0,0,256,0.1672515869140625
train,patch_398,/content/drive/MyDrive/ResUnet/dataset/images/patch_398.npy,/content/drive/MyDrive/ResUnet/dataset/masks/patch_398.npy,0,0,256,0.1827850341796875
train,patch_399,/content/drive/MyDrive/ResUnet/dataset/images/patch_399.npy,/content/drive/MyDrive/ResUnet/dataset/masks/patch_399.npy,0,0,256,0.20526123046875
train,patch_400,/content/drive/MyDrive/ResUnet/dataset/images/patch_400.npy,/content/drive/MyDrive/ResUnet/dataset/masks/patch_400.npy,0,0,256,0.2297821044921875
train,patch_401,/content/drive/MyDrive/ResUnet/dataset/images/patch_401.npy,/content/drive/MyDrive/ResUnet/dataset/masks/patch_401.npy,0,0,256,0.2878265380859375
train,patch_402,/content/drive/MyDrive/ResUnet/dataset/images/patch_402.npy,/content/drive/MyDrive/ResUnet/dataset/masks/patch_402.npy,0,0,256,0.449127197265625
train,patch_403,/content/drive/MyDrive/ResUnet/dataset/images/patch_403.npy,/content/drive/MyDrive/ResUnet/dataset/masks/patch_403.npy,0,0,256,0.6461944580078125
train,patch_404,/content/drive/MyDrive/ResUnet/dataset/images/patch_404.npy,/content/drive/MyDrive/ResUnet/dataset/masks/patch_404.npy,0,0,256,0.7718658447265625
train,patch_405,/content/drive/MyDrive/ResUnet/dataset/images/patch_405.npy,/content/drive/MyDrive/ResUnet/dataset/masks/patch_405.npy,0,0,256,0.843902587890625
train,patch_406,/content/drive/MyDrive/ResUnet/dataset/images/patch_406.npy,/content/drive/MyDrive/ResUnet/dataset/masks/patch_406.npy,0,0,256,0.802764892578125
train,patch_408,/content/drive/MyDrive/ResUnet/dataset/images/patch_408.npy,/content/drive/MyDrive/ResUnet/dataset/masks/patch_408.npy,0,0,256,0.802154541015625
train,patch_409,/content/drive/MyDrive/ResUnet/dataset/images/patch_409.npy,/content/drive/MyDrive/ResUnet/dataset/masks/patch_409.npy,0,0,256,0.793121337890625
train,patch_410,/content/drive/MyDrive/ResUnet/dataset/images/patch_410.npy,/content/drive/MyDrive/ResUnet/dataset/masks/patch_410.npy,0,0,256,0.800201416015625
train,patch_411,/content/drive/MyDrive/ResUnet/dataset/images/patch_411.npy,/content/drive/MyDrive/ResUnet/dataset/masks/patch_411.npy,0,0,256,0.8408203125
train,patch_412,/content/drive/MyDrive/ResUnet/dataset/images/patch_412.npy,/content/drive/MyDrive/ResUnet/dataset/masks/patch_412.npy,0,0,256,0.8582611083984375
train,patch_413,/content/drive/MyDrive/ResUnet/dataset/images/patch_413.npy,/content/drive/MyDrive/ResUnet/dataset/masks/patch_413.npy,0,0,256,0.912322998046875
train,patch_414,/content/drive/MyDrive/ResUnet/dataset/images/patch_414.npy,/content/drive/MyDrive/ResUnet/dataset/masks/patch_414.npy,0,0,256,0.8543243408203125
train,patch_415,/content/drive/MyDrive/ResUnet/dataset/images/patch_415.npy,/content/drive/MyDrive/ResUnet/dataset/masks/patch_415.npy,0,0,256,0.7113494873046875
train,patch_416,/content/drive/MyDrive/ResUnet/dataset/images/patch_416.npy,/content/drive/MyDrive/ResUnet/dataset/masks/patch_416.npy,0,0,256,0.515350341796875
train,patch_417,/content/drive/MyDrive/ResUnet/dataset/images/patch_417.npy,/content/drive/MyDrive/ResUnet/dataset/masks/patch_417.npy,0,0,256,0.311798095703125
train,patch_418,/content/drive/MyDrive/ResUnet/dataset/images/patch_418.npy,/content/drive/MyDrive/ResUnet/dataset/masks/patch_418.npy,0,0,256,0.1801300048828125
train,patch_419,/content/drive/MyDrive/ResUnet/dataset/images/patch_419.npy,/content/drive/MyDrive/ResUnet/dataset/masks/patch_419.npy,0,0,256,0.1537322998046875
train,patch_420,/content/drive/MyDrive/ResUnet/dataset/images/patch_420.npy,/content/drive/MyDrive/ResUnet/dataset/masks/patch_420.npy,0,0,256,0.212158203125
train,patch_421,/content/drive/MyDrive/ResUnet/dataset/images/patch_421.npy,/content/drive/MyDrive/ResUnet/dataset/masks/patch_421.npy,0,0,256,0.3438720703125
train,patch_422,/content/drive/MyDrive/ResUnet/dataset/images/patch_422.npy,/content/drive/MyDrive/ResUnet/dataset/masks/patch_422.npy,0,0,256,0.4969940185546875
train,patch_423,/content/drive/MyDrive/ResUnet/dataset/images/patch_423.npy,/content/drive/MyDrive/ResUnet/dataset/masks/patch_423.npy,0,0,256,0.5789031982421875
train,patch_424,/content/drive/MyDrive/ResUnet/dataset/images/patch_424.npy,/content/drive/MyDrive/ResUnet/dataset/masks/patch_424.npy,0,0,256,0.6385650634765625
train,patch_425,/content/drive/MyDrive/ResUnet/dataset/images/patch_425.npy,/content/drive/MyDrive/ResUnet/dataset/masks/patch_425.npy,0,0,256,0.6605987548828125
train,patch_427,/content/drive/MyDrive/ResUnet/dataset/images/patch_427.npy,/content/drive/MyDrive/ResUnet/dataset/masks/patch_427.npy,0,0,256,0.6175994873046875
train,patch_430,/content/drive/MyDrive/ResUnet/dataset/images/patch_430.npy,/content/drive/MyDrive/ResUnet/dataset/masks/patch_430.npy,0,0,256,0.229034423828125
train,patch_431,/content/drive/MyDrive/ResUnet/dataset/images/patch_431.npy,/content/drive/MyDrive/ResUnet/dataset/masks/patch_431.npy,0,0,256,0.111572265625
train,patch_432,/content/drive/MyDrive/ResUnet/dataset/images/patch_432.npy,/content/drive/MyDrive/ResUnet/dataset/masks/patch_432.npy,0,0,256,0.087066650390625
train,patch_433,/content/drive/MyDrive/ResUnet/dataset/images/patch_433.npy,/content/drive/MyDrive/ResUnet/dataset/masks/patch_433.npy,0,0,256,0.225189208984375
train,patch_434,/content/drive/MyDrive/ResUnet/dataset/images/patch_434.npy,/content/drive/MyDrive/ResUnet/dataset/masks/patch_434.npy,0,0,256,0.44818115234375
train,patch_435,/content/drive/MyDrive/ResUnet/dataset/images/patch_435.npy,/content/drive/MyDrive/ResUnet/dataset/masks/patch_435.npy,0,0,256,0.6890716552734375
train,patch_436,/content/drive/MyDrive/ResUnet/dataset/images/patch_436.npy,/content/drive/MyDrive/ResUnet/dataset/masks/patch_436.npy,0,0,256,0.8867340087890625
train,patch_437,/content/drive/MyDrive/ResUnet/dataset/images/patch_437.npy,/content/drive/MyDrive/ResUnet/dataset/masks/patch_437.npy,0,0,256,0.8580474853515625
train,patch_438,/content/drive/MyDrive/ResUnet/dataset/images/patch_438.npy,/content/drive/MyDrive/ResUnet/dataset/masks/patch_438.npy,0,0,256,0.687103271484375
train,patch_439,/content/drive/MyDrive/ResUnet/dataset/images/patch_439.npy,/content/drive/MyDrive/ResUnet/dataset/masks/patch_439.npy,0,0,256,0.5558929443359375
train,patch_440,/content/drive/MyDrive/ResUnet/dataset/images/patch_440.npy,/content/drive/MyDrive/ResUnet/dataset/masks/patch_440.npy,0,0,256,0.516448974609375
train,patch_441,/content/drive/MyDrive/ResUnet/dataset/images/patch_441.npy,/content/drive/MyDrive/ResUnet/dataset/masks/patch_441.npy,0,0,256,0.50250244140625
train,patch_442,/content/drive/MyDrive/ResUnet/dataset/images/patch_442.npy,/content/drive/MyDrive/ResUnet/dataset/masks/patch_442.npy,0,0,256,0.532379150390625
train,patch_443,/content/drive/MyDrive/ResUnet/dataset/images/patch_443.npy,/content/drive/MyDrive/ResUnet/dataset/masks/patch_443.npy,0,0,256,0.5707244873046875
train,patch_444,/content/drive/MyDrive/ResUnet/dataset/images/patch_444.npy,/content/drive/MyDrive/ResUnet/dataset/masks/patch_444.npy,0,0,256,0.1211090087890625
train,patch_446,/content/drive/MyDrive/ResUnet/dataset/images/patch_446.npy,/content/drive/MyDrive/ResUnet/dataset/masks/patch_446.npy,0,0,256,0.079437255859375
train,patch_447,/content/drive/MyDrive/ResUnet/dataset/images/patch_447.npy,/content/drive/MyDrive/ResUnet/dataset/masks/patch_447.npy,0,0,256,0.065765380859375
train,patch_448,/content/drive/MyDrive/ResUnet/dataset/images/patch_448.npy,/content/drive/MyDrive/ResUnet/dataset/masks/patch_448.npy,0,0,256,0.068359375
train,patch_450,/content/drive/MyDrive/ResUnet/dataset/images/patch_450.npy,/content/drive/MyDrive/ResUnet/dataset/masks/patch_450.npy,0,0,256,0.175567626953125
train,patch_451,/content/drive/MyDrive/ResUnet/dataset/images/patch_451.npy,/content/drive/MyDrive/ResUnet/dataset/masks/patch_451.npy,0,0,256,0.3247528076171875
train,patch_452,/content/drive/MyDrive/ResUnet/dataset/images/patch_452.npy,/content/drive/MyDrive/ResUnet/dataset/masks/patch_452.npy,0,0,256,0.3999481201171875
train,patch_454,/content/drive/MyDrive/ResUnet/dataset/images/patch_454.npy,/content/drive/MyDrive/ResUnet/dataset/masks/patch_454.npy,0,0,256,0.433929443359375
train,patch_455,/content/drive/MyDrive/ResUnet/dataset/images/patch_455.npy,/content/drive/MyDrive/ResUnet/dataset/masks/patch_455.npy,0,0,256,0.41650390625
train,patch_456,/content/drive/MyDrive/ResUnet/dataset/images/patch_456.npy,/content/drive/MyDrive/ResUnet/dataset/masks/patch_456.npy,0,0,256,0.4327850341796875
train,patch_457,/content/drive/MyDrive/ResUnet/dataset/images/patch_457.npy,/content/drive/MyDrive/ResUnet/dataset/masks/patch_457.npy,0,0,256,0.45526123046875
train,patch_458,/content/drive/MyDrive/ResUnet/dataset/images/patch_458.npy,/content/drive/MyDrive/ResUnet/dataset/masks/patch_458.npy,0,0,256,0.4797821044921875
train,patch_459,/content/drive/MyDrive/ResUnet/dataset/images/patch_459.npy,/content/drive/MyDrive/ResUnet/dataset/masks/patch_459.npy,0,0,256,0.4862060546875
train,patch_460,/content/drive/MyDrive/ResUnet/dataset/images/patch_460.npy,/content/drive/MyDrive/ResUnet/dataset/masks/patch_460.npy,0,0,256,0.61016845703125
train,patch_461,/content/drive/MyDrive/ResUnet/dataset/images/patch_461.npy,/content/drive/MyDrive/ResUnet/dataset/masks/patch_461.npy,0,0,256,0.757476806640625
train,patch_462,/content/drive/MyDrive/ResUnet/dataset/images/patch_462.npy,/content/drive/MyDrive/ResUnet/dataset/masks/patch_462.npy,0,0,256,0.8819732666015625
train,patch_463,/content/drive/MyDrive/ResUnet/dataset/images/patch_463.npy,/content/drive/MyDrive/ResUnet/dataset/masks/patch_463.npy,0,0,256,0.874176025390625
train,patch_464,/content/drive/MyDrive/ResUnet/dataset/images/patch_464.npy,/content/drive/MyDrive/ResUnet/dataset/masks/patch_464.npy,0,0,256,0.73211669921875
train,patch_465,/content/drive/MyDrive/ResUnet/dataset/images/patch_465.npy,/content/drive/MyDrive/ResUnet/dataset/masks/patch_465.npy,0,0,256,0.592620849609375
train,patch_466,/content/drive/MyDrive/ResUnet/dataset/images/patch_466.npy,/content/drive/MyDrive/ResUnet/dataset/masks/patch_466.npy,0,0,256,0.414459228515625
train,patch_467,/content/drive/MyDrive/ResUnet/dataset/images/patch_467.npy,/content/drive/MyDrive/ResUnet/dataset/masks/patch_467.npy,0,0,256,0.261627197265625
train,patch_468,/content/drive/MyDrive/ResUnet/dataset/images/patch_468.npy,/content/drive/MyDrive/ResUnet/dataset/masks/patch_468.npy,0,0,256,0.161834716796875
train,patch_469,/content/drive/MyDrive/ResUnet/dataset/images/patch_469.npy,/content/drive/MyDrive/ResUnet/dataset/masks/patch_469.npy,0,0,256,0.1588592529296875
train,patch_470,/content/drive/MyDrive/ResUnet/dataset/images/patch_470.npy,/content/drive/MyDrive/ResUnet/dataset/masks/patch_470.npy,0,0,256,0.2874755859375
train,patch_471,/content/drive/MyDrive/ResUnet/dataset/images/patch_471.npy,/content/drive/MyDrive/ResUnet/dataset/masks/patch_471.npy,0,0,256,0.48089599609375
train,patch_472,/content/drive/MyDrive/ResUnet/dataset/images/patch_472.npy,/content/drive/MyDrive/ResUnet/dataset/masks/patch_472.npy,0,0,256,0.699493408203125
train,patch_473,/content/drive/MyDrive/ResUnet/dataset/images/patch_473.npy,/content/drive/MyDrive/ResUnet/dataset/masks/patch_473.npy,0,0,256,0.8261566162109375
train,patch_474,/content/drive/MyDrive/ResUnet/dataset/images/patch_474.npy,/content/drive/MyDrive/ResUnet/dataset/masks/patch_474.npy,0,0,256,0.885528564453125
train,patch_475,/content/drive/MyDrive/ResUnet/dataset/images/patch_475.npy,/content/drive/MyDrive/ResUnet/dataset/masks/patch_475.npy,0,0,256,0.909912109375
train,patch_476,/content/drive/MyDrive/ResUnet/dataset/images/patch_476.npy,/content/drive/MyDrive/ResUnet/dataset/masks/patch_476.npy,0,0,256,0.9028778076171875
train,patch_477,/content/drive/MyDrive/ResUnet/dataset/images/patch_477.npy,/content/drive/MyDrive/ResUnet/dataset/masks/patch_477.npy,0,0,256,0.8666229248046875
train,patch_478,/content/drive/MyDrive/ResUnet/dataset/images/patch_478.npy,/content/drive/MyDrive/ResUnet/dataset/masks/patch_478.npy,0,0,256,0.769256591796875
train,patch_479,/content/drive/MyDrive/ResUnet/dataset/images/patch_479.npy,/content/drive/MyDrive/ResUnet/dataset/masks/patch_479.npy,0,0,256,0.597198486328125
train,patch_481,/content/drive/MyDrive/ResUnet/dataset/images/patch_481.npy,/content/drive/MyDrive/ResUnet/dataset/masks/patch_481.npy,0,0,256,0.2457122802734375
train,patch_482,/content/drive/MyDrive/ResUnet/dataset/images/patch_482.npy,/content/drive/MyDrive/ResUnet/dataset/masks/patch_482.npy,0,0,256,0.12225341796875
train,patch_484,/content/drive/MyDrive/ResUnet/dataset/images/patch_484.npy,/content/drive/MyDrive/ResUnet/dataset/masks/patch_484.npy,0,0,256,0.3244476318359375
train,patch_486,/content/drive/MyDrive/ResUnet/dataset/images/patch_486.npy,/content/drive/MyDrive/ResUnet/dataset/masks/patch_486.npy,0,0,256,0.77606201171875
train,patch_487,/content/drive/MyDrive/ResUnet/dataset/images/patch_487.npy,/content/drive/MyDrive/ResUnet/dataset/masks/patch_487.npy,0,0,256,0.9324951171875
train,patch_488,/content/drive/MyDrive/ResUnet/dataset/images/patch_488.npy,/content/drive/MyDrive/ResUnet/dataset/masks/patch_488.npy,0,0,256,0.943756103515625
train,patch_489,/content/drive/MyDrive/ResUnet/dataset/images/patch_489.npy,/content/drive/MyDrive/ResUnet/dataset/masks/patch_489.npy,0,0,256,0.81939697265625
train,patch_490,/content/drive/MyDrive/ResUnet/dataset/images/patch_490.npy,/content/drive/MyDrive/ResUnet/dataset/masks/patch_490.npy,0,0,256,0.70379638671875
train,patch_491,/content/drive/MyDrive/ResUnet/dataset/images/patch_491.npy,/content/drive/MyDrive/ResUnet/dataset/masks/patch_491.npy,0,0,256,0.6157379150390625
train,patch_492,/content/drive/MyDrive/ResUnet/dataset/images/patch_492.npy,/content/drive/MyDrive/ResUnet/dataset/masks/patch_492.npy,0,0,256,0.5594482421875
train,patch_493,/content/drive/MyDrive/ResUnet/dataset/images/patch_493.npy,/content/drive/MyDrive/ResUnet/dataset/masks/patch_493.npy,0,0,256,0.54095458984375
train,patch_494,/content/drive/MyDrive/ResUnet/dataset/images/patch_494.npy,/content/drive/MyDrive/ResUnet/dataset/masks/patch_494.npy,0,0,256,0.5626373291015625
train,patch_495,/content/drive/MyDrive/ResUnet/dataset/images/patch_495.npy,/content/drive/MyDrive/ResUnet/dataset/masks/patch_495.npy,0,0,256,0.5441436767578125
train,patch_496,/content/drive/MyDrive/ResUnet/dataset/images/patch_496.npy,/content/drive/MyDrive/ResUnet/dataset/masks/patch_496.npy,0,0,256,0.605621337890625
train,patch_497,/content/drive/MyDrive/ResUnet/dataset/images/patch_497.npy,/content/drive/MyDrive/ResUnet/dataset/masks/patch_497.npy,0,0,256,0.0649871826171875
train,patch_498,/content/drive/MyDrive/ResUnet/dataset/images/patch_498.npy,/content/drive/MyDrive/ResUnet/dataset/masks/patch_498.npy,0,0,256,0.0649871826171875
train,patch_499,/content/drive/MyDrive/ResUnet/dataset/images/patch_499.npy,/content/drive/MyDrive/ResUnet/dataset/masks/patch_499.npy,0,0,256,0.064178466796875
train,patch_500,/content/drive/MyDrive/ResUnet/dataset/images/patch_500.npy,/content/drive/MyDrive/ResUnet/dataset/masks/patch_500.npy,0,0,256,0.0746002197265625
train,patch_501,/content/drive/MyDrive/ResUnet/dataset/images/patch_501.npy,/content/drive/MyDrive/ResUnet/dataset/masks/patch_501.npy,0,0,256,0.1421661376953125
train,patch_502,/content/drive/MyDrive/ResUnet/dataset/images/patch_502.npy,/content/drive/MyDrive/ResUnet/dataset/masks/patch_502.npy,0,0,256,0.229522705078125
train,patch_503,/content/drive/MyDrive/ResUnet/dataset/images/patch_503.npy,/content/drive/MyDrive/ResUnet/dataset/masks/patch_503.npy,0,0,256,0.3306884765625
train,patch_504,/content/drive/MyDrive/ResUnet/dataset/images/patch_504.npy,/content/drive/MyDrive/ResUnet/dataset/masks/patch_504.npy,0,0,256,0.41656494140625
train,patch_505,/content/drive/MyDrive/ResUnet/dataset/images/patch_505.npy,/content/drive/MyDrive/ResUnet/dataset/masks/patch_505.npy,0,0,256,0.5606842041015625
train,patch_506,/content/drive/MyDrive/ResUnet/dataset/images/patch_506.npy,/content/drive/MyDrive/ResUnet/dataset/masks/patch_506.npy,0,0,256,0.624359130859375
train,patch_508,/content/drive/MyDrive/ResUnet/dataset/images/patch_508.npy,/content/drive/MyDrive/ResUnet/dataset/masks/patch_508.npy,0,0,256,0.6663665771484375
train,patch_509,/content/drive/MyDrive/ResUnet/dataset/images/patch_509.npy,/content/drive/MyDrive/ResUnet/dataset/masks/patch_509.npy,0,0,256,0.654571533203125
train,patch_510,/content/drive/MyDrive/ResUnet/dataset/images/patch_510.npy,/content/drive/MyDrive/ResUnet/dataset/masks/patch_510.npy,0,0,256,0.682373046875
train,patch_511,/content/drive/MyDrive/ResUnet/dataset/images/patch_511.npy,/content/drive/MyDrive/ResUnet/dataset/masks/patch_511.npy,0,0,256,0.705230712890625
train,patch_512,/content/drive/MyDrive/ResUnet/dataset/images/patch_512.npy,/content/drive/MyDrive/ResUnet/dataset/masks/patch_512.npy,0,0,256,0.7297821044921875
train,patch_513,/content/drive/MyDrive/ResUnet/dataset/images/patch_513.npy,/content/drive/MyDrive/ResUnet/dataset/masks/patch_513.npy,0,0,256,0.71234130859375
train,patch_514,/content/drive/MyDrive/ResUnet/dataset/images/patch_514.npy,/content/drive/MyDrive/ResUnet/dataset/masks/patch_514.npy,0,0,256,0.7762451171875
train,patch_515,/content/drive/MyDrive/ResUnet/dataset/images/patch_515.npy,/content/drive/MyDrive/ResUnet/dataset/masks/patch_515.npy,0,0,256,0.861053466796875
train,patch_516,/content/drive/MyDrive/ResUnet/dataset/images/patch_516.npy,/content/drive/MyDrive/ResUnet/dataset/masks/patch_516.npy,0,0,256,0.9251861572265625
train,patch_517,/content/drive/MyDrive/ResUnet/dataset/images/patch_517.npy,/content/drive/MyDrive/ResUnet/dataset/masks/patch_517.npy,0,0,256,0.9184417724609375
train,patch_518,/content/drive/MyDrive/ResUnet/dataset/images/patch_518.npy,/content/drive/MyDrive/ResUnet/dataset/masks/patch_518.npy,0,0,256,0.8277435302734375
train,patch_519,/content/drive/MyDrive/ResUnet/dataset/images/patch_519.npy,/content/drive/MyDrive/ResUnet/dataset/masks/patch_519.npy,0,0,256,0.68408203125
train,patch_520,/content/drive/MyDrive/ResUnet/dataset/images/patch_520.npy,/content/drive/MyDrive/ResUnet/dataset/masks/patch_520.npy,0,0,256,0.49462890625
train,patch_521,/content/drive/MyDrive/ResUnet/dataset/images/patch_521.npy,/content/drive/MyDrive/ResUnet/dataset/masks/patch_521.npy,0,0,256,0.3533477783203125
train,patch_522,/content/drive/MyDrive/ResUnet/dataset/images/patch_522.npy,/content/drive/MyDrive/ResUnet/dataset/masks/patch_522.npy,0,0,256,0.2165069580078125
train,patch_523,/content/drive/MyDrive/ResUnet/dataset/images/patch_523.npy,/content/drive/MyDrive/ResUnet/dataset/masks/patch_523.npy,0,0,256,0.1271514892578125
train,patch_524,/content/drive/MyDrive/ResUnet/dataset/images/patch_524.npy,/content/drive/MyDrive/ResUnet/dataset/masks/patch_524.npy,0,0,256,0.0901031494140625
train,patch_526,/content/drive/MyDrive/ResUnet/dataset/images/patch_526.npy,/content/drive/MyDrive/ResUnet/dataset/masks/patch_526.npy,0,0,256,0.3417205810546875
train,patch_527,/content/drive/MyDrive/ResUnet/dataset/images/patch_527.npy,/content/drive/MyDrive/ResUnet/dataset/masks/patch_527.npy,0,0,256,0.5753326416015625
train,patch_528,/content/drive/MyDrive/ResUnet/dataset/images/patch_528.npy,/content/drive/MyDrive/ResUnet/dataset/masks/patch_528.npy,0,0,256,0.8191070556640625
train,patch_529,/content/drive/MyDrive/ResUnet/dataset/images/patch_529.npy,/content/drive/MyDrive/ResUnet/dataset/masks/patch_529.npy,0,0,256,0.939666748046875
train,patch_530,/content/drive/MyDrive/ResUnet/dataset/images/patch_530.npy,/content/drive/MyDrive/ResUnet/dataset/masks/patch_530.npy,0,0,256,0.809234619140625
train,patch_531,/content/drive/MyDrive/ResUnet/dataset/images/patch_531.npy,/content/drive/MyDrive/ResUnet/dataset/masks/patch_531.npy,0,0,256,0.6385650634765625
train,patch_532,/content/drive/MyDrive/ResUnet/dataset/images/patch_532.npy,/content/drive/MyDrive/ResUnet/dataset/masks/patch_532.npy,0,0,256,0.47430419921875
train,patch_533,/content/drive/MyDrive/ResUnet/dataset/images/patch_533.npy,/content/drive/MyDrive/ResUnet/dataset/masks/patch_533.npy,0,0,256,0.2919464111328125
train,patch_534,/content/drive/MyDrive/ResUnet/dataset/images/patch_534.npy,/content/drive/MyDrive/ResUnet/dataset/masks/patch_534.npy,0,0,256,0.2105255126953125
train,patch_535,/content/drive/MyDrive/ResUnet/dataset/images/patch_535.npy,/content/drive/MyDrive/ResUnet/dataset/masks/patch_535.npy,0,0,256,0.26568603515625
train,patch_536,/content/drive/MyDrive/ResUnet/dataset/images/patch_536.npy,/content/drive/MyDrive/ResUnet/dataset/masks/patch_536.npy,0,0,256,0.4253692626953125
train,patch_537,/content/drive/MyDrive/ResUnet/dataset/images/patch_537.npy,/content/drive/MyDrive/ResUnet/dataset/masks/patch_537.npy,0,0,256,0.6620025634765625
train,patch_538,/content/drive/MyDrive/ResUnet/dataset/images/patch_538.npy,/content/drive/MyDrive/ResUnet/dataset/masks/patch_538.npy,0,0,256,0.8738555908203125
train,patch_539,/content/drive/MyDrive/ResUnet/dataset/images/patch_539.npy,/content/drive/MyDrive/ResUnet/dataset/masks/patch_539.npy,0,0,256,0.9208984375
train,patch_540,/content/drive/MyDrive/ResUnet/dataset/images/patch_540.npy,/content/drive/MyDrive/ResUnet/dataset/masks/patch_540.npy,0,0,256,0.82177734375
train,patch_541,/content/drive/MyDrive/ResUnet/dataset/images/patch_541.npy,/content/drive/MyDrive/ResUnet/dataset/masks/patch_541.npy,0,0,256,0.7022552490234375
train,patch_542,/content/drive/MyDrive/ResUnet/dataset/images/patch_542.npy,/content/drive/MyDrive/ResUnet/dataset/masks/patch_542.npy,0,0,256,0.590576171875
train,patch_543,/content/drive/MyDrive/ResUnet/dataset/images/patch_543.npy,/content/drive/MyDrive/ResUnet/dataset/masks/patch_543.npy,0,0,256,0.532135009765625
train,patch_546,/content/drive/MyDrive/ResUnet/dataset/images/patch_546.npy,/content/drive/MyDrive/ResUnet/dataset/masks/patch_546.npy,0,0,256,0.65667724609375
train,patch_547,/content/drive/MyDrive/ResUnet/dataset/images/patch_547.npy,/content/drive/MyDrive/ResUnet/dataset/masks/patch_547.npy,0,0,256,0.7870025634765625
train,patch_548,/content/drive/MyDrive/ResUnet/dataset/images/patch_548.npy,/content/drive/MyDrive/ResUnet/dataset/masks/patch_548.npy,0,0,256,0.895538330078125
train,patch_549,/content/drive/MyDrive/ResUnet/dataset/images/patch_549.npy,/content/drive/MyDrive/ResUnet/dataset/masks/patch_549.npy,0,0,256,0.0678863525390625
train,patch_550,/content/drive/MyDrive/ResUnet/dataset/images/patch_550.npy,/content/drive/MyDrive/ResUnet/dataset/masks/patch_550.npy,0,0,256,0.1835784912109375
train,patch_551,/content/drive/MyDrive/ResUnet/dataset/images/patch_551.npy,/content/drive/MyDrive/ResUnet/dataset/masks/patch_551.npy,0,0,256,0.31024169921875
train,patch_552,/content/drive/MyDrive/ResUnet/dataset/images/patch_552.npy,/content/drive/MyDrive/ResUnet/dataset/masks/patch_552.npy,0,0,256,0.45611572265625
train,patch_553,/content/drive/MyDrive/ResUnet/dataset/images/patch_553.npy,/content/drive/MyDrive/ResUnet/dataset/masks/patch_553.npy,0,0,256,0.5469512939453125
train,patch_554,/content/drive/MyDrive/ResUnet/dataset/images/patch_554.npy,/content/drive/MyDrive/ResUnet/dataset/masks/patch_554.npy,0,0,256,0.612030029296875
train,patch_555,/content/drive/MyDrive/ResUnet/dataset/images/patch_555.npy,/content/drive/MyDrive/ResUnet/dataset/masks/patch_555.npy,0,0,256,0.726348876953125
train,patch_557,/content/drive/MyDrive/ResUnet/dataset/images/patch_557.npy,/content/drive/MyDrive/ResUnet/dataset/masks/patch_557.npy,0,0,256,0.826141357421875
train,patch_558,/content/drive/MyDrive/ResUnet/dataset/images/patch_558.npy,/content/drive/MyDrive/ResUnet/dataset/masks/patch_558.npy,0,0,256,0.8528900146484375
train,patch_559,/content/drive/MyDrive/ResUnet/dataset/images/patch_559.npy,/content/drive/MyDrive/ResUnet/dataset/masks/patch_559.npy,0,0,256,0.8585052490234375
train,patch_560,/content/drive/MyDrive/ResUnet/dataset/images/patch_560.npy,/content/drive/MyDrive/ResUnet/dataset/masks/patch_560.npy,0,0,256,0.903564453125
train,patch_561,/content/drive/MyDrive/ResUnet/dataset/images/patch_561.npy,/content/drive/MyDrive/ResUnet/dataset/masks/patch_561.npy,0,0,256,0.926422119140625
train,patch_562,/content/drive/MyDrive/ResUnet/dataset/images/patch_562.npy,/content/drive/MyDrive/ResUnet/dataset/masks/patch_562.npy,0,0,256,0.8842315673828125
train,patch_563,/content/drive/MyDrive/ResUnet/dataset/images/patch_563.npy,/content/drive/MyDrive/ResUnet/dataset/masks/patch_563.npy,0,0,256,0.758758544921875
train,patch_564,/content/drive/MyDrive/ResUnet/dataset/images/patch_564.npy,/content/drive/MyDrive/ResUnet/dataset/masks/patch_564.npy,0,0,256,0.5629119873046875
train,patch_565,/content/drive/MyDrive/ResUnet/dataset/images/patch_565.npy,/content/drive/MyDrive/ResUnet/dataset/masks/patch_565.npy,0,0,256,0.35113525390625
train,patch_566,/content/drive/MyDrive/ResUnet/dataset/images/patch_566.npy,/content/drive/MyDrive/ResUnet/dataset/masks/patch_566.npy,0,0,256,0.201507568359375
train,patch_567,/content/drive/MyDrive/ResUnet/dataset/images/patch_567.npy,/content/drive/MyDrive/ResUnet/dataset/masks/patch_567.npy,0,0,256,0.0918121337890625
train,patch_568,/content/drive/MyDrive/ResUnet/dataset/images/patch_568.npy,/content/drive/MyDrive/ResUnet/dataset/masks/patch_568.npy,0,0,256,0.0872955322265625
train,patch_569,/content/drive/MyDrive/ResUnet/dataset/images/patch_569.npy,/content/drive/MyDrive/ResUnet/dataset/masks/patch_569.npy,0,0,256,0.08831787109375
train,patch_570,/content/drive/MyDrive/ResUnet/dataset/images/patch_570.npy,/content/drive/MyDrive/ResUnet/dataset/masks/patch_570.npy,0,0,256,0.1422576904296875
train,patch_571,/content/drive/MyDrive/ResUnet/dataset/images/patch_571.npy,/content/drive/MyDrive/ResUnet/dataset/masks/patch_571.npy,0,0,256,0.3208770751953125
train,patch_572,/content/drive/MyDrive/ResUnet/dataset/images/patch_572.npy,/content/drive/MyDrive/ResUnet/dataset/masks/patch_572.npy,0,0,256,0.5291900634765625
train,patch_573,/content/drive/MyDrive/ResUnet/dataset/images/patch_573.npy,/content/drive/MyDrive/ResUnet/dataset/masks/patch_573.npy,0,0,256,0.7680206298828125
train,patch_574,/content/drive/MyDrive/ResUnet/dataset/images/patch_574.npy,/content/drive/MyDrive/ResUnet/dataset/masks/patch_574.npy,0,0,256,0.943450927734375
train,patch_575,/content/drive/MyDrive/ResUnet/dataset/images/patch_575.npy,/content/drive/MyDrive/ResUnet/dataset/masks/patch_575.npy,0,0,256,0.9227752685546875
train,patch_576,/content/drive/MyDrive/ResUnet/dataset/images/patch_576.npy,/content/drive/MyDrive/ResUnet/dataset/masks/patch_576.npy,0,0,256,0.8106842041015625
train,patch_577,/content/drive/MyDrive/ResUnet/dataset/images/patch_577.npy,/content/drive/MyDrive/ResUnet/dataset/masks/patch_577.npy,0,0,256,0.7028656005859375
train,patch_578,/content/drive/MyDrive/ResUnet/dataset/images/patch_578.npy,/content/drive/MyDrive/ResUnet/dataset/masks/patch_578.npy,0,0,256,0.5291748046875
train,patch_579,/content/drive/MyDrive/ResUnet/dataset/images/patch_579.npy,/content/drive/MyDrive/ResUnet/dataset/masks/patch_579.npy,0,0,256,0.373748779296875
train,patch_580,/content/drive/MyDrive/ResUnet/dataset/images/patch_580.npy,/content/drive/MyDrive/ResUnet/dataset/masks/patch_580.npy,0,0,256,0.312713623046875
train,patch_581,/content/drive/MyDrive/ResUnet/dataset/images/patch_581.npy,/content/drive/MyDrive/ResUnet/dataset/masks/patch_581.npy,0,0,256,0.379638671875
train,patch_583,/content/drive/MyDrive/ResUnet/dataset/images/patch_583.npy,/content/drive/MyDrive/ResUnet/dataset/masks/patch_583.npy,0,0,256,0.785980224609375
train,patch_584,/content/drive/MyDrive/ResUnet/dataset/images/patch_584.npy,/content/drive/MyDrive/ResUnet/dataset/masks/patch_584.npy,0,0,256,0.9044342041015625
train,patch_586,/content/drive/MyDrive/ResUnet/dataset/images/patch_586.npy,/content/drive/MyDrive/ResUnet/dataset/masks/patch_586.npy,0,0,256,0.6255950927734375
train,patch_587,/content/drive/MyDrive/ResUnet/dataset/images/patch_587.npy,/content/drive/MyDrive/ResUnet/dataset/masks/patch_587.npy,0,0,256,0.500762939453125
train,patch_588,/content/drive/MyDrive/ResUnet/dataset/images/patch_588.npy,/content/drive/MyDrive/ResUnet/dataset/masks/patch_588.npy,0,0,256,0.47845458984375
train,patch_589,/content/drive/MyDrive/ResUnet/dataset/images/patch_589.npy,/content/drive/MyDrive/ResUnet/dataset/masks/patch_589.npy,0,0,256,0.55853271484375
train,patch_592,/content/drive/MyDrive/ResUnet/dataset/images/patch_592.npy,/content/drive/MyDrive/ResUnet/dataset/masks/patch_592.npy,0,0,256,0.1352691650390625
train,patch_593,/content/drive/MyDrive/ResUnet/dataset/images/patch_593.npy,/content/drive/MyDrive/ResUnet/dataset/masks/patch_593.npy,0,0,256,0.3134613037109375
train,patch_594,/content/drive/MyDrive/ResUnet/dataset/images/patch_594.npy,/content/drive/MyDrive/ResUnet/dataset/masks/patch_594.npy,0,0,256,0.492279052734375
train,patch_596,/content/drive/MyDrive/ResUnet/dataset/images/patch_596.npy,/content/drive/MyDrive/ResUnet/dataset/masks/patch_596.npy,0,0,256,0.7905731201171875
train,patch_597,/content/drive/MyDrive/ResUnet/dataset/images/patch_597.npy,/content/drive/MyDrive/ResUnet/dataset/masks/patch_597.npy,0,0,256,0.830230712890625
train,patch_598,/content/drive/MyDrive/ResUnet/dataset/images/patch_598.npy,/content/drive/MyDrive/ResUnet/dataset/masks/patch_598.npy,0,0,256,0.887664794921875
train,patch_600,/content/drive/MyDrive/ResUnet/dataset/images/patch_600.npy,/content/drive/MyDrive/ResUnet/dataset/masks/patch_600.npy,0,0,256,0.8817901611328125
train,patch_601,/content/drive/MyDrive/ResUnet/dataset/images/patch_601.npy,/content/drive/MyDrive/ResUnet/dataset/masks/patch_601.npy,0,0,256,0.7470703125
train,patch_602,/content/drive/MyDrive/ResUnet/dataset/images/patch_602.npy,/content/drive/MyDrive/ResUnet/dataset/masks/patch_602.npy,0,0,256,0.5830841064453125
train,patch_603,/content/drive/MyDrive/ResUnet/dataset/images/patch_603.npy,/content/drive/MyDrive/ResUnet/dataset/masks/patch_603.npy,0,0,256,0.37835693359375
train,patch_604,/content/drive/MyDrive/ResUnet/dataset/images/patch_604.npy,/content/drive/MyDrive/ResUnet/dataset/masks/patch_604.npy,0,0,256,0.2383270263671875
train,patch_605,/content/drive/MyDrive/ResUnet/dataset/images/patch_605.npy,/content/drive/MyDrive/ResUnet/dataset/masks/patch_605.npy,0,0,256,0.13909912109375
train,patch_606,/content/drive/MyDrive/ResUnet/dataset/images/patch_606.npy,/content/drive/MyDrive/ResUnet/dataset/masks/patch_606.npy,0,0,256,0.06610107421875
train,patch_608,/content/drive/MyDrive/ResUnet/dataset/images/patch_608.npy,/content/drive/MyDrive/ResUnet/dataset/masks/patch_608.npy,0,0,256,0.0812835693359375
train,patch_609,/content/drive/MyDrive/ResUnet/dataset/images/patch_609.npy,/content/drive/MyDrive/ResUnet/dataset/masks/patch_609.npy,0,0,256,0.0859527587890625
train,patch_610,/content/drive/MyDrive/ResUnet/dataset/images/patch_610.npy,/content/drive/MyDrive/ResUnet/dataset/masks/patch_610.npy,0,0,256,0.2220001220703125
train,patch_611,/content/drive/MyDrive/ResUnet/dataset/images/patch_611.npy,/content/drive/MyDrive/ResUnet/dataset/masks/patch_611.npy,0,0,256,0.4253692626953125
train,patch_612,/content/drive/MyDrive/ResUnet/dataset/images/patch_612.npy,/content/drive/MyDrive/ResUnet/dataset/masks/patch_612.npy,0,0,256,0.6644287109375
train,patch_613,/content/drive/MyDrive/ResUnet/dataset/images/patch_613.npy,/content/drive/MyDrive/ResUnet/dataset/masks/patch_613.npy,0,0,256,0.893707275390625
train,patch_616,/content/drive/MyDrive/ResUnet/dataset/images/patch_616.npy,/content/drive/MyDrive/ResUnet/dataset/masks/patch_616.npy,0,0,256,0.7400970458984375
train,patch_617,/content/drive/MyDrive/ResUnet/dataset/images/patch_617.npy,/content/drive/MyDrive/ResUnet/dataset/masks/patch_617.npy,0,0,256,0.54986572265625
train,patch_618,/content/drive/MyDrive/ResUnet/dataset/images/patch_618.npy,/content/drive/MyDrive/ResUnet/dataset/masks/patch_618.npy,0,0,256,0.3909149169921875
train,patch_619,/content/drive/MyDrive/ResUnet/dataset/images/patch_619.npy,/content/drive/MyDrive/ResUnet/dataset/masks/patch_619.npy,0,0,256,0.3559722900390625
train,patch_620,/content/drive/MyDrive/ResUnet/dataset/images/patch_620.npy,/content/drive/MyDrive/ResUnet/dataset/masks/patch_620.npy,0,0,256,0.4923095703125
train,patch_621,/content/drive/MyDrive/ResUnet/dataset/images/patch_621.npy,/content/drive/MyDrive/ResUnet/dataset/masks/patch_621.npy,0,0,256,0.69488525390625
train,patch_622,/content/drive/MyDrive/ResUnet/dataset/images/patch_622.npy,/content/drive/MyDrive/ResUnet/dataset/masks/patch_622.npy,0,0,256,0.9076080322265625
train,patch_623,/content/drive/MyDrive/ResUnet/dataset/images/patch_623.npy,/content/drive/MyDrive/ResUnet/dataset/masks/patch_623.npy,0,0,256,0.8599700927734375
train,patch_624,/content/drive/MyDrive/ResUnet/dataset/images/patch_624.npy,/content/drive/MyDrive/ResUnet/dataset/masks/patch_624.npy,0,0,256,0.6865997314453125
train,patch_625,/content/drive/MyDrive/ResUnet/dataset/images/patch_625.npy,/content/drive/MyDrive/ResUnet/dataset/masks/patch_625.npy,0,0,256,0.509613037109375
train,patch_626,/content/drive/MyDrive/ResUnet/dataset/images/patch_626.npy,/content/drive/MyDrive/ResUnet/dataset/masks/patch_626.npy,0,0,256,0.4085235595703125
train,patch_627,/content/drive/MyDrive/ResUnet/dataset/images/patch_627.npy,/content/drive/MyDrive/ResUnet/dataset/masks/patch_627.npy,0,0,256,0.4796142578125
train,patch_628,/content/drive/MyDrive/ResUnet/dataset/images/patch_628.npy,/content/drive/MyDrive/ResUnet/dataset/masks/patch_628.npy,0,0,256,0.652801513671875
train,patch_629,/content/drive/MyDrive/ResUnet/dataset/images/patch_629.npy,/content/drive/MyDrive/ResUnet/dataset/masks/patch_629.npy,0,0,256,0.826171875
train,patch_630,/content/drive/MyDrive/ResUnet/dataset/images/patch_630.npy,/content/drive/MyDrive/ResUnet/dataset/masks/patch_630.npy,0,0,256,0.9300689697265625
train,patch_631,/content/drive/MyDrive/ResUnet/dataset/images/patch_631.npy,/content/drive/MyDrive/ResUnet/dataset/masks/patch_631.npy,0,0,256,0.0776824951171875
train,patch_632,/content/drive/MyDrive/ResUnet/dataset/images/patch_632.npy,/content/drive/MyDrive/ResUnet/dataset/masks/patch_632.npy,0,0,256,0.2610015869140625
train,patch_634,/content/drive/MyDrive/ResUnet/dataset/images/patch_634.npy,/content/drive/MyDrive/ResUnet/dataset/masks/patch_634.npy,0,0,256,0.7018890380859375
train,patch_635,/content/drive/MyDrive/ResUnet/dataset/images/patch_635.npy,/content/drive/MyDrive/ResUnet/dataset/masks/patch_635.npy,0,0,256,0.9234466552734375
train,patch_636,/content/drive/MyDrive/ResUnet/dataset/images/patch_636.npy,/content/drive/MyDrive/ResUnet/dataset/masks/patch_636.npy,0,0,256,0.84246826171875
train,patch_638,/content/drive/MyDrive/ResUnet/dataset/images/patch_638.npy,/content/drive/MyDrive/ResUnet/dataset/masks/patch_638.npy,0,0,256,0.5387115478515625
train,patch_639,/content/drive/MyDrive/ResUnet/dataset/images/patch_639.npy,/content/drive/MyDrive/ResUnet/dataset/masks/patch_639.npy,0,0,256,0.3949127197265625
train,patch_640,/content/drive/MyDrive/ResUnet/dataset/images/patch_640.npy,/content/drive/MyDrive/ResUnet/dataset/masks/patch_640.npy,0,0,256,0.3520050048828125
train,patch_641,/content/drive/MyDrive/ResUnet/dataset/images/patch_641.npy,/content/drive/MyDrive/ResUnet/dataset/masks/patch_641.npy,0,0,256,0.27337646484375
train,patch_642,/content/drive/MyDrive/ResUnet/dataset/images/patch_642.npy,/content/drive/MyDrive/ResUnet/dataset/masks/patch_642.npy,0,0,256,0.1812286376953125
train,patch_643,/content/drive/MyDrive/ResUnet/dataset/images/patch_643.npy,/content/drive/MyDrive/ResUnet/dataset/masks/patch_643.npy,0,0,256,0.139923095703125
train,patch_644,/content/drive/MyDrive/ResUnet/dataset/images/patch_644.npy,/content/drive/MyDrive/ResUnet/dataset/masks/patch_644.npy,0,0,256,0.0713043212890625
train,patch_645,/content/drive/MyDrive/ResUnet/dataset/images/patch_645.npy,/content/drive/MyDrive/ResUnet/dataset/masks/patch_645.npy,0,0,256,0.149383544921875
train,patch_646,/content/drive/MyDrive/ResUnet/dataset/images/patch_646.npy,/content/drive/MyDrive/ResUnet/dataset/masks/patch_646.npy,0,0,256,0.3409881591796875
train,patch_647,/content/drive/MyDrive/ResUnet/dataset/images/patch_647.npy,/content/drive/MyDrive/ResUnet/dataset/masks/patch_647.npy,0,0,256,0.5807647705078125
train,patch_649,/content/drive/MyDrive/ResUnet/dataset/images/patch_649.npy,/content/drive/MyDrive/ResUnet/dataset/masks/patch_649.npy,0,0,256,0.88592529296875
train,patch_650,/content/drive/MyDrive/ResUnet/dataset/images/patch_650.npy,/content/drive/MyDrive/ResUnet/dataset/masks/patch_650.npy,0,0,256,0.740966796875
train,patch_651,/content/drive/MyDrive/ResUnet/dataset/images/patch_651.npy,/content/drive/MyDrive/ResUnet/dataset/masks/patch_651.npy,0,0,256,0.541656494140625
train,patch_652,/content/drive/MyDrive/ResUnet/dataset/images/patch_652.npy,/content/drive/MyDrive/ResUnet/dataset/masks/patch_652.npy,0,0,256,0.43023681640625
train,patch_653,/content/drive/MyDrive/ResUnet/dataset/images/patch_653.npy,/content/drive/MyDrive/ResUnet/dataset/masks/patch_653.npy,0,0,256,0.4906158447265625
train,patch_654,/content/drive/MyDrive/ResUnet/dataset/images/patch_654.npy,/content/drive/MyDrive/ResUnet/dataset/masks/patch_654.npy,0,0,256,0.6355743408203125
train,patch_655,/content/drive/MyDrive/ResUnet/dataset/images/patch_655.npy,/content/drive/MyDrive/ResUnet/dataset/masks/patch_655.npy,0,0,256,0.8349761962890625
train,patch_657,/content/drive/MyDrive/ResUnet/dataset/images/patch_657.npy,/content/drive/MyDrive/ResUnet/dataset/masks/patch_657.npy,0,0,256,0.814605712890625
train,patch_658,/content/drive/MyDrive/ResUnet/dataset/images/patch_658.npy,/content/drive/MyDrive/ResUnet/dataset/masks/patch_658.npy,0,0,256,0.5992889404296875
train,patch_659,/content/drive/MyDrive/ResUnet/dataset/images/patch_659.npy,/content/drive/MyDrive/ResUnet/dataset/masks/patch_659.npy,0,0,256,0.446136474609375
train,patch_662,/content/drive/MyDrive/ResUnet/dataset/images/patch_662.npy,/content/drive/MyDrive/ResUnet/dataset/masks/patch_662.npy,0,0,256,0.6787109375
train,patch_663,/content/drive/MyDrive/ResUnet/dataset/images/patch_663.npy,/content/drive/MyDrive/ResUnet/dataset/masks/patch_663.npy,0,0,256,0.76812744140625
train,patch_664,/content/drive/MyDrive/ResUnet/dataset/images/patch_664.npy,/content/drive/MyDrive/ResUnet/dataset/masks/patch_664.npy,0,0,256,0.8282318115234375
train,patch_667,/content/drive/MyDrive/ResUnet/dataset/images/patch_667.npy,/content/drive/MyDrive/ResUnet/dataset/masks/patch_667.npy,0,0,256,0.062042236328125
train,patch_668,/content/drive/MyDrive/ResUnet/dataset/images/patch_668.npy,/content/drive/MyDrive/ResUnet/dataset/masks/patch_668.npy,0,0,256,0.144744873046875
train,patch_669,/content/drive/MyDrive/ResUnet/dataset/images/patch_669.npy,/content/drive/MyDrive/ResUnet/dataset/masks/patch_669.npy,0,0,256,0.3691558837890625
train,patch_670,/content/drive/MyDrive/ResUnet/dataset/images/patch_670.npy,/content/drive/MyDrive/ResUnet/dataset/masks/patch_670.npy,0,0,256,0.6191253662109375
train,patch_671,/content/drive/MyDrive/ResUnet/dataset/images/patch_671.npy,/content/drive/MyDrive/ResUnet/dataset/masks/patch_671.npy,0,0,256,0.8071136474609375
train,patch_673,/content/drive/MyDrive/ResUnet/dataset/images/patch_673.npy,/content/drive/MyDrive/ResUnet/dataset/masks/patch_673.npy,0,0,256,0.7544708251953125
train,patch_674,/content/drive/MyDrive/ResUnet/dataset/images/patch_674.npy,/content/drive/MyDrive/ResUnet/dataset/masks/patch_674.npy,0,0,256,0.6698760986328125
train,patch_679,/content/drive/MyDrive/ResUnet/dataset/images/patch_679.npy,/content/drive/MyDrive/ResUnet/dataset/masks/patch_679.npy,0,0,256,0.2683563232421875
train,patch_680,/content/drive/MyDrive/ResUnet/dataset/images/patch_680.npy,/content/drive/MyDrive/ResUnet/dataset/masks/patch_680.npy,0,0,256,0.140869140625
train,patch_681,/content/drive/MyDrive/ResUnet/dataset/images/patch_681.npy,/content/drive/MyDrive/ResUnet/dataset/masks/patch_681.npy,0,0,256,0.081939697265625
train,patch_682,/content/drive/MyDrive/ResUnet/dataset/images/patch_682.npy,/content/drive/MyDrive/ResUnet/dataset/masks/patch_682.npy,0,0,256,0.111297607421875
train,patch_683,/content/drive/MyDrive/ResUnet/dataset/images/patch_683.npy,/content/drive/MyDrive/ResUnet/dataset/masks/patch_683.npy,0,0,256,0.29034423828125
train,patch_684,/content/drive/MyDrive/ResUnet/dataset/images/patch_684.npy,/content/drive/MyDrive/ResUnet/dataset/masks/patch_684.npy,0,0,256,0.5265350341796875
train,patch_685,/content/drive/MyDrive/ResUnet/dataset/images/patch_685.npy,/content/drive/MyDrive/ResUnet/dataset/masks/patch_685.npy,0,0,256,0.7707977294921875
train,patch_688,/content/drive/MyDrive/ResUnet/dataset/images/patch_688.npy,/content/drive/MyDrive/ResUnet/dataset/masks/patch_688.npy,0,0,256,0.6695404052734375
train,patch_689,/content/drive/MyDrive/ResUnet/dataset/images/patch_689.npy,/content/drive/MyDrive/ResUnet/dataset/masks/patch_689.npy,0,0,256,0.5106201171875
train,patch_690,/content/drive/MyDrive/ResUnet/dataset/images/patch_690.npy,/content/drive/MyDrive/ResUnet/dataset/masks/patch_690.npy,0,0,256,0.4724884033203125
train,patch_691,/content/drive/MyDrive/ResUnet/dataset/images/patch_691.npy,/content/drive/MyDrive/ResUnet/dataset/masks/patch_691.npy,0,0,256,0.560028076171875
train,patch_692,/content/drive/MyDrive/ResUnet/dataset/images/patch_692.npy,/content/drive/MyDrive/ResUnet/dataset/masks/patch_692.npy,0,0,256,0.7339630126953125
train,patch_695,/content/drive/MyDrive/ResUnet/dataset/images/patch_695.npy,/content/drive/MyDrive/ResUnet/dataset/masks/patch_695.npy,0,0,256,0.73736572265625
train,patch_698,/content/drive/MyDrive/ResUnet/dataset/images/patch_698.npy,/content/drive/MyDrive/ResUnet/dataset/masks/patch_698.npy,0,0,256,0.46051025390625
